;precision;recall;F1;Modality;Features;F1 Paper;Difference
KNeighborsClassifier;0.6172126022126021;0.5994949494949495;0.5895456395456395;metadata;69,63,97,2,79,106,108,110,98,83,105,65,77,71,75,84,70,104,96,3,89,100,99,101,94,85,72,5,17,95,91,7,23,90,13,102,28,34,87,11,27,29,107,20,1,80,41,113,26,22,6,8,81,24,42,32,68,10,86,38,37,18,67;0.63;0.04045436045436046
NearestCentroid;0.5743608523911554;0.6157575757575758;0.5390987443928621;metadata;106,48,96,44,25;0.591;0.051901255607137875
DecisionTreeClassifier;0.6301743626743627;0.621919191919192;0.6194516594516595;metadata;91,99,102,85,97,86,76,74,103,0,95,84,80,90,79,13,89,1,100,109,107,101,87,4,113,98,17,10,5,9,83,21,92,93,8,3,78,96,88,23,32,2,77,36,15,31,44,14,26,6,24,82,37,104,48,33,7,27,81,47,30,94,50,61,18,46,65,64,43,111,75,19,68,39;0.563;-0.05645165945165953
LogisticRegression;0.6533850408850408;0.6377777777777778;0.5961669811669811;metadata;96,31,56,2,64,27,61,42,70,88,94,63,74,85,79,30,14,54,13,59,8,84,95,44,108;0.578;-0.018166981166981122
SVC;0.6230687830687831;0.6117171717171718;0.5990931290931291;metadata;36,96,93,47,81,94,42,34,7,41,51,83,85,1,14,33,79,102,88,16,70,107,95,49,18,104,87,80,61,38,90,75,67,23,68,44,73,54,4,69,92,19,65,82,6,28,32,11,62,112,78,109,48,76,59,64,84,8,86,91,100,66,40,57,105,110,10,72,45,77,97,50,46,27,17,29,31,71,58,35,25,106,111,39,3,74,101,12,55,26,103,60,20,99,37,63,30,52,22,21,89,43,24,108;0.574;-0.025093129093129107
BaggingClassifier;0.595122655122655;0.5802020202020202;0.5746849446849447;metadata;112,107,93,69,102,0,85,89,71,5,84,9,90,91,75,78,77,8,80,109,14,86,99,104,11,87,13,94,98,6,27,4,105,31,110,111,10,24,76,106,20,25,82,35,18,95,73,41,83,17,16,3,88,70,50,52,42,12,54,44,30,97,7,59,96,81,32,29,15;0.631;0.05631505531505532
RandomForestClassifier;0.342068302068302;0.3723232323232323;0.35196969696969693;metadata;;0.576;0.22403030303030302
AdaBoostClassifier;0.6262325637325638;0.6153535353535353;0.5851412476412475;metadata;105,45,34,2,69,42,31,56,94,113,28,44,46,51,52,87,15,39,13,1,100,79,14;0.536;-0.0491412476412475
GradientBoostingClassifier;0.6473444765111431;0.6566666666666666;0.6095387945387946;metadata;113,103,33,18,52,29,51,94,38,44,24;0.569;-0.04053879453879461
GaussianNB;0.6417147667147666;0.6408080808080807;0.6309792059792059;textual;7332,629,2939,1768,3768,2256,3891,6624,1012,3644,3462,6920,4344,4246,561,3477,5200,5187,6369,1761,6384,5731,1122,5846,3557,5628,5358,5347,1704,5415,2662,6008,881,2411,3350,6313,7775,4719,6517,956,3613,6475,5177,4630,5011,7942,4006,4997,6514,1216,415,4876,7201,2492,3222,905,7060,1328,853,3466,7329,443,1038,6385,132,1874,6802,1590,930,4811,5659,1363,743,6439,3921,3591,7622,2635,5654,546,2661,7303,6481,5324,5949,1743,4784,3309,8037,5744,4400,7510,5029,831,2531,2623,4804,1608,1587,4033,1042,3206,2579,2064,1096,3441,6208,7204,7583,3807,6503,3198,3037,995,6312,2028,7064,1382,1572,5880,7019,2902,6935,3929,1275,722,402,2594,6956,4047,2822,550,1002,7628,5903,297,4695,1282,7133,5420,4462,5928,4904,1402,6469,2079,5547,7346,15,6622,384,3672,1063,7108,1438,1632,1044,7637,1162,7812,6574,1602,1950,7436,3146,7086,5106,161,7207,3368,2306,7144,2754,7071,5202,488,953,77,2796,4977,6124,6605,4159,6976,1778,4422,6806,4319,3012,373,7440,2280,4403,5539,4812,7850,7418,5680,7756,883,2198,7360,670,1889,6270,2664,2924,2424,7534,2862,7241,622,818,5465,7469,1415,4805,1639,605,2468,6840,2131,6780,1271,6528,4278,2960,2816,5046,497,1058,1500,3742,1562,1073,1408,2598,3248,1545,2519,5230,4785,2883,4836,251,1923,4199,2259,573,5641,5989,1477,7356,3149,3081,6317,5487,312,7975,6126,3433,5267,809,6873,1338,4276,3964,3771,602,3515,7666,7444,3288,5693,7649,78,5295,6631,2506,7184,3748,2084,4224,665,2463,6651,5816,336,3463,4524,3269,4660,6506,865,3105,4617,4413,1747,1483,2229,5452,4716,5038,4924,6420,2858,6815,7820,5553,4435,5665,3447,3349,6674,570,2956,341,3809,7050,6418,7044,2315,337,2216,522,3884,4163,880,7899,6283,6543,6223,1070,3003,1050,5649,388,6157,4736,1006,6119,2936,5365,846,2515,5853,4084,1695,1529,6461,7964,4620,6070,6949,6837,7859,7441,5566,6493,4555,6839,3758,4171,6972,7784,2020,3508,1665,1544,2238,5685,6413,6473,6394,5657,4252,4444,4550,1712,1246,7960,5018,3795,2402,7923,4536,2323,2704,3317,7236,58,5263,758,7799,6367,7768,3996,4732,4843,154,5439,889,7898,2208,5656,6231,98,433,4878,2548,7530,2624,2459,7555,5163,3676,966,5977,1894,2187,6098,8025,2779,7011,1048,4332,6834,7673,7382,6037,4866,5198,7146,6402,7403,4024,5124,3865,6084,5159,6557,6673,3400,7411,6167,4756,2488,4671,1797,2209,5588,2340,1254,6261,2470,6803,4717,4442,7366,3800,208,1876,4849,2145,5854,6573,2567,7758,4848,3972,2524,5653,5390,2286,7790,4495,2968,1783,2712,1515,6094,4220,5472,7993,7670,2541,6400,3071,5544,292,5570,5562,3828,2425,1257,5874,4310,1613,4045,2117,1389,4175,1939,7234,6015,2640,4282,2197,5905,1687,2671,6997,463,5396,403,2546,150,2507,5725,6704,4030,3372,6053,922,3004,5919,1378,7306,1749,4061,1773,1997,4504,7581,200,64,3836,5035,5918,7339,834,3187,6356,2362,4870,6887,5282,5314,326,3566,5337,1793,1018,5573,3922,6940,7836,5020,2143,3150,6665,5373,5625,5704,3962,1244,7237,559,299,4626,2578,396,4641,2652,4828,3359,2965,923,29,4892,5784,6701,732,1317,785,376,55,4483,2477,449,2503,4264,7525,4774,2071,3446,6245,7560,2912,7150,753,6656,3291,158,5770,5990,7568,1550,2366,5675,3940,4688,1264,3048,1308,3984,3726,4781,5469,2687,6537,4917,3549,4972,6646,6644,87,4818,370,6705,2304,4930,7052,3116,5809,3151,7917,5384,2566,4197,4192,5222,391,1798,7629,6345,7969,6612,3734,5617,2778,926,6183,3568,228,4150,1637,6661,68,5932,3949,1927,5058,1474,6246,2076,3520,2421,1327,1807,6526,7079,3723,3234,1356,1192,2899,2958,6441,3999,5824,5321,1616,5511,5243,5500,5380,759,3389,5370,3573,955,4058,1591,4991,6732,4103,6692,435,2210,3394,399,4707,2289,872,618,3615,1788,8005,7446,2616,3490,505,6996,1508,217,5061,6844,2952,1654,5545,931,3716,6324,8000,983,4900,2328,1118,4386,6405,790,619,2946,1138,7336,3733,7426,413,3543,681,6136,5953,5921,7562,2889,3880,4960,5063,2353,106,1772,5474,243,5679,168,1732,7037,5265,4346,3765,7804,3597,7893,5881,1566,7876,1638,5970,1694,7538,4801,5107,7300,5677,5927,3935,2037,1400,6160,4015,76,6554,6337,5119,4027,6093,912,3190,6089,7634,7806,6383,6483,5094,119,3469,999,6247,2564,4280,3013,2584,1491,3636,4861,6184,1974,6767,1450,1003,5444,3336,3985,2375,6125,14,2392,5845,2361,1180,5176,891,2971,6390,6762,5967,6535,4113,2840,6085,127,7342,136,5388,2254,7205,1777,3665,2569,3230,6291,6524,4140,2758,3774,3137,5051,669,6012,1810,4343,7066,3397,1398,4595,815,3346,7111,1493,5166,5304,6826,4790,310,4758,518,1270,4249,1947,35,2885,3916,5702,3564,7153,7379,2063,797,1513,3805,1433,7032,3239,6845,5548,1739,830,1711,977,1277,3129,6322,7399,4578,6350,4529,3292,1031,928,2998,2394,2511,2570,5668,7828,3680,2059,3671,3514,5883,6063,7531,4632,6772,2863,7480,1859,6437,3825,7861,3547,4001,1635,4498,6056,1273,10,1309,1155,5245,6193,661,4886,4184,7143,3495,5995,4365,5069,659,4577,5403,649,945,2257,552,7632,385,6164,5449,7124,3914,2984,5726,57,4355,3444,7457,6038,4750,6425,7686,5902,6417,6398,7559,899,3168,5498,7024,148,6925,2670,3844,7018,2182,3061,1537,7752,6547,2184,3402,7736,2186,3968,6645,3025,2330,4754,3324,1598,2819,1752,6196,5652,6961,7688,4547,686,247,3072,7720,1603,4513,2625,3410,491,4453,4043,5621,3390,7901,3662,4196,3673,4409,33,6659,851,4363,5519,7819,4530,7438,6445,4955,3600,6095,5093,6744,2685,4722,4393,6932,172,3363,2040,1017,5364,4798,4868,7696,6466,1387,7535,3058,1942,6621,7092,3369,7639,1333,5250,4096,3301,2510,608,7638,3863,6019,1178,177,4049,2464,3235,6589,6368,2768,6176,265,100,2656,6460,6388,1897,7735,3684,1284,207,2857,4816,7865,2614,537,428,821,1764,4929,6728,4169,1158,7980,4041,5024,1384,6881,4267,5764,2580,3160,7645,5194,1248,6262,7532,7617,6419,3651,7500,1332,5179,7085,4305,5251,3442,6082,2192,892,5569,4137,1386,2740,2878,6895,6628,6007,1171,1729,1649,1383,6596,3638,1605,6438,547,3194,2065,5305,294,2163,3816,6738,2046,2679,5600,1462,133,6592,7797,5983,1403,501,4054,447,6446,2631,4468,4016,5862,1023,4825,2591,6264,3642,4757,946,5258,5292,4994,4029,5022,5185,7999,5767,1011,1650,685,7996,6480,4867,7045,816,1095,3780,3276,1820,854,5763,480,7030,6148,1220,1157,1099,6943,5077,6668,801,1684,4611,2742,4306,2105,4,2711,3967,288,3367,6052,2565,2853,7651,2434,1150,3924,598,3909,2881,3626,86,3966,1482,6069,2810,7105,3204,4361,4659,361,5391,3097,1831,3510,7034,179,6671,7275,6773,7706,3252,2075,5861,3082,6534,4397,6926,6044,3854,5398,434,4136,7717,6191,4776,495,7388,3820,4372,6224,2929,3396,416,1523,4059,1680,1448,2969,1055,3838,2760,2767,2119,4862,2989,6741,6617,7400,2855,390,7243,1800,2795,7800,1848,1722,2927,2390,1812,7380,1330,117,7928,5383,871,6302,4974,5494,6120,7035,1345,2481,84,1430,4740,2764,5098,3831,4520,3191,5475,5620,5413,2669,2148,5167,6893,4691,723,6496,2472,5193,2321,6131,6519,7519,4139,7754,4916,1541,6047,7282,2780,6414,7367,1538,3627,1733,4748,4446,303,2114,4215,6977,7721,3707,5821,3049,3769,7118,7471,6263,2556,4777,7896,5969,2205,3193,5072,5875,2605,2077,2058,7890,5453,4931,1842,3589,2729,4003,5640,7232,467,2618,3991,7680,4384,5108,7452,4090,4511,7796,1235,7733,5110,3085,3289,858,4728,566,5850,3055,6396,4582,4007,1268,2154,1223,1779,627,5867,3688,994,2582,7994,4729,1227,5948,2643,2195,4675,7125,4071,1242,3050,152,5904,7162,6604,3737,6864,2557,3926,1542,4208,1901,5047,4316,5869,137,1579,5247,5700,5596,5676,7479,6238,7675,6858,4326,4616,3404,4396,198,7549,6613,7883,6854,2478,1103,6620,3677,3708,7131,4697,296,747,7290,3540,2451,2082,4725,7377,4258,7006,3310,6717,1296,925,4846,3383,1658,462,3098,2848,6406,1175,1005,4129,3862,88,5361,116,7094,3127,473,6886,71,4489,7015,6237,7908,5832,155,213,6927,6753,3406,7693,271,7308,6076,6795,4026,1678,7954,5775,3856,5054,3623,4746,2611,1348,535,745,705,5891,5638,3208,2387,6889,5937,5040,7061,4406,1037,2342,4661,1993,5574,7792,3955,2787,1001,6109,5637,2202,6214,982,6051,5463,2827,7618,8010,1143,3819,997,1294,472,3381,7599,800,2388,910,2906,5755,242,4962,7911,1354,3762,2657,1423,6260,5479,7062,6358,3454,3761,5184,3579,4927,4143,5049,235,2560,5759,5355,3286,2383,6248,7557,4965,1921,5252,960,6081,4941,4127,2047,4339,5660,817,2741,3806,7147,2717,182,3840,2908,1490,739,7445,4051,3488,4144,7161,383,6190,3738,5103,6335,1713,7252,7047,676,7042,6632,1855,1341,3887,6362,4019,2563,5912,7251,5241,3379,1946,7945,942,3701,1054,4681,4943,5541,6478,3027,274,2895,6198,609,972,3798,7413,4232,3978,4494,1196,3808,7392,8019,4656,1267,3244,6397,5122,4408,5669,2241,7484,4134,4786,5036,241,5979,4182,7368,4539,5768,3787,6235,7745,1452,3777,7391,364,1199,2017,3195,3602,4037,1097,6986,7412,6315,4840,7267,4858,2013,1238,2274,1145,1027,7916,3858,5752,1914,7972,3797,7187,6599,6974,237,7533,240,672,7088,6724,2743,6187,6766,3069,1417,6143,806,5577,7344,2551,523,7096,5973,6152,6885,6022,4863,1410,961,6346,6049,6876,1688,4429,6928,4023,6830,5895,6321,6427,7371,5153,3320,7588,2430,40,3565,7114,2069,4639,5457,5272,5437,6060,1134,3169,7545,212,6749,3785,6550,2999,1374,2011,3648,3371,3668,245,2722,1757,2124,3743,1663,3256,1414,7057,2005,1088,738,2801,7778,6387,6989,4359,2859,1470,4986,947,7347,7878,4844,3338,825,4894,7249,1142,7383,3184,4247,6168,3939,2217,2360,6453,6911,1815,3411,421,2048,2249,3994,7652,6442,7083,596,4349,5299,5576,7955,6491,6434,1703,6713,6653,1858,4760,7558,6287,7455,6719,3106,6108,5769,4351,5109,2641,504,7701,2497,706,7459,323,7425,5738,3927,1967,3574,3675,658,101,4100,468,2988,5397,2706,4263,8027,6308,5739,4469,5149,7068,224,6954,7526,750,309,340,7437,3694,7447,832,1075,6359,4795,571,5592,7395,5892,1726,7660,2008,4787,1864,3251,3300,3352,3040,3586,5425,2347,2976,2653,4079,1087,231,1945,4385,2744,6289,7516,7273,3307,3552,2357,7731,39,5325,5019,5130,5330,3101,4290,4587,1373,2453,6804,2099,1564,3711,1442,7854,7947,4206,2282,933,3512,7926,4842,4663,4953,6758,2214,4515,59,4633,2169,5870,16,777,4187,7592,5375,1182,3210,6006,6105,1574,2302,3663,5485,2283,5543,4152,4167,1501,7311,950,1792,1062,1349,3875,5484,7127,5823,2386,1910,4549,49,4465,513,2168,1480,7254,6043,481,3878,3622,4742,6334,5323,7374,7910,6603,2983,6209,7842,6495,2423,3211,4899,3507,5527,2313,407,1152,7410,134,587,6756,4176,4501,469,595,6314,53,2311,5155,1540,7178,2422,6785,6609,1173,1610,6667,6285,6185,4624,4948,4052,2990,2407,1863,6968,7866,4293,21,7333,7435,979,5105,3722,7995,4107,7937,7322,7676,4627,1485,1518,577,6316,3323,7310,6740,944,5794,1532,6894,5450,3776,7416,3167,4649,2251,1936,6186,1648,4684,338,1286,7556,4213,3445,5037,1617,4488,1824,3604,7488,5666,191,3633,3414,6304,4394,3485,5269,2309,6869,1024,766,1880,2530,7914,2092,1962,4214,929,7175,1297,3731,5753,5132,1731,1280,4487,1582,6863,46,3057,2868,7579,7544,3246,1202,5431,989,4153,3192,3755,3245,3430,6827,7939,1628,3533,2544,3561,4116,4531,628,6288,2087,5112,4388,6036,7268,5212,5402,3647,5681,3360,1626,4643,2158,7476,6874,8,2672,4095,97,7904,5360,3314,7524,460,258,1160,5100,5884,8030,6994,6771,541,3353,6035,5489,873,2733,368,1760,4968,3039,2498,6117,5699,1334,4458,7293,7496,319,2991,6279,1546,3254,2794,1682,740,7808,3075,2837,6861,4993,5191,7654,3029,450,5213,6242,2234,1502,5315,634,2027,7907,6357,775,7206,1930,2266,1295,6910,5968,4119,1956,3046,2508,1207,2242,532,3608,6057,4067,7199,2293,1149,4250,4330,2231,1765,2628,6962,2397,1905,502,4949,2207,7431,1999,8023,7025,387,4890,315,1306,3405,2172,3993,1599,2449,2150,5959,7285,4990,3580,1569,2220,6967,5879,3570,4765,5140,2461,8026,3341,2514,3652,2267,4622,7463,7362,1832,1458,7100,7932,4186,3102,5395,3337,7401,6306,2668,5909,3030,4404,2512,5998,7318,2030,7384,6508,2797,3571,3213,5430,1372,1193,205,4939,1609,2865,3487,3448,5496,138,2549,5900,7959,3006,1436,3582,2891,6901,2165,2085,2310,5678,4768,4995,7953,1056,6332,7140,7613,3650,7295,6757,277,4763,1128,3392,5583,3449,2634,920,3786,5307,1206,992,3247,474,2931,6904,882,6502,1818,453,3051,2490,7580,6693,406,36,6127,5366,374,5829,642,4111,1906,965,7590,3871,2429,4233,2992,4239,2093,4897,7340,4902,1830,6347,4762,5716,6171,7248,6381,3374,5117,7501,1061,3114,3203,1995,6490,5160,6995,875,142,7283,1653,4685,3689,322,7432,7277,66,3126,4098,748,1952,3492,3261,5086,193,849,1769,2949,4696,1767,2244,2320,356,4619,3982,2850,6182,6500,2981,3141,714,7443,1612,18,7683,380,4108,5958,5351,2619,754,44,1019,5015,6696,4350,6485,6447,7788,5031,3599,6329,4411,924,1465,1331,2001,2014,3175,7528,4440,6433,4322,284,7264,5150,1685,216,4553,4496,111,5053,5786,1287,7919,2585,4764,962,3339,7070,4741,1655,3395,6725,3152,7378,2790,4405,5121,3120,6142,3523,2659,7505,3034,7049,2648,1917,749,5466,5825,1784,6338,1839,7084,4934,2888,5980,2945,837,5181,2775,7072,5010,4081,3329,7732,660,4188,4369,7840,7587,1691,4407,2750,6963,5899,6581,7169,3321,5550,5972,4325,5605,6813,2735,7766,663,1010,7328,3899,3460,7918,7194,7856,1219,3045,6639,3121,7364,4615,7142,3259,7301,524,2290,5286,591,2419,5963,5236,260,6045,5205,1548,1811,2384,1170,1112,7176,4773,6825,7671,3577,5941,2277,6407,2617,2467,3942,5350,4082,3136,1668,5997,6030,841,1181,425,2292,3052,7155,7312,2140,3754,3079,5356,5946,1035,2723,140,7815,4662,6102,4522,708,6379,1893,2106,52,4181,6721,248,793,4219,3874,5274,610,4783,2986,1396,5446,4873,5148,2006,3810,398,6452,1744,890,6527,1434,6841,2589,5916,7830,2977,1683,3907,3796,2466,507,5619,6046,951,2389,4190,131,7915,600,3524,6327,2012,223,6298,3923,6778,5168,1089,5412,5062,5070,7121,382,2151,3122,3094,3135,3464,7422,5113,2920,1318,3060,1641,5401,2201,2381,5074,833,3849,7475,511,5335,6504,307,5962,5197,887,489,2420,7536,2650,1816,7593,3813,4642,4551,3703,4314,4352,272,646,1870,1437,6020,2985,1243,3901,4311,409,1647,7453,7353,1357,194,2854,3601,3559,1234,4856,5368,1390,4772,690,1209,6525,1362,1495,1679,6726,560,4669,1924,6677,139,6017,2138,6784,5888,3370,7961,1563,6909,2527,805,1835,1629,7331,3611,3228,7286,7888,2170,3302,1464,7655,6509,5774,985,6068,3979,3315,3018,3365,1621,5067,3215,7135,1846,5534,3119,2295,5758,4356,2800,6715,6601,2322,7156,4847,2268,3941,291,1432,783,6633,2122,2575,7451,4699,3792,6326,5007,3725,5747,7433,911,352,6970,4425,593,3382,6751,2771,4371,1806,848,787,2963,3718,755,6050,5441,5137,2074,5882,6852,1312,254,1016,2693,7373,2749,1596,118,5231,6750,6078,6600,5342,1239,6969,7653,6805,6567,6736,6205,5385,7760,321,838,1204,5795,7851,836,5639,2146,6598,6172,1754,6649,3091,4114,130,746,5125,2223,7299,6761,2346,4447,894,7565,2571,7950,7989,2974,525,2588,3364,7692,6448,6366,1656,4652,781,4402,3527,5674,7345,4864,5582,6914,6339,2793,3908,3915,5227,5293,728,516,2613,1674,357,7795,2053,3560,6029,2376,1922,4375,4854,7159,5259,7046,4451,2113,275,5936,8017,3399,6821,2698,3272,1365,4782,5515,4982,7722,556,4715,7929,6918,3724,7609,861,3066,1222,7098,1476,7811,20,3478,6811,6594,2204,4401,2335,3332,7209,7269,358,1751,7059,5312,2879,3781,4211,6297,1397,4796,7481,682,70,2596,3592,3517,7240,4035,5781,8009,3443,2374,4097,3885,4569,3138,4865,5798,7408,984,267,6898,2010,4286,6654,6892,5512,3113,6531,7439,1585,918,3833,3362,7158,2203,3267,644,2414,7056,432,5456,538,2233,4259,3225,1849,4813,5535,169,1576,2697,7266,664,7685,2830,163,5226,6074,1350,4201,3641,1291,6720,5960,4320,1368,6951,3223,4436,6768,6520,3007,3125,3818,7982,2561,7104,640,8015,1909,2415,4327,5129,5352,519,3275,1624,6586,7294,1046,1135,3634,4833,2270,3830,5586,7640,3327,6062,375,2502,4913,6250,7841,3117,2243,4882,3423,3659,5733,7727,5056,4497,5986,4915,6760,6698,3959,3479,7082,6955,3948,5974,6137,7203,69,4053,3270,1494,6034,1301,5221,5831,5860,31,1241,7934,2839,4678,6100,199,5551,3919,4212,6944,3618,7460,3156,3594,4815,5294,6809,6775,3318,2399,4433,1164,1690,4838,6921,6870,5328,5564,6747,3142,3620,7705,1072,845,4452,4607,3977,4650,3305,3783,1091,3753,623,2355,6929,7477,6232,3155,4147,5608,270,1660,1976,2997,3172,1758,5734,5789,1074,6210,141,2196,4850,7357,214,4266,718,43,5938,2369,2297,4099,3682,5671,5719,6533,6993,3969,5760,4142,1320,1882,4229,3958,1814,3525,2540,1895,4606,1136,4157,7337,7458,5423,306,1261,4767,1352,958,6865,5042,4978,4672,2237,4011,7967,3010,4601,1554,5849,184,5618,1418,3674,1322,2921,92,7387,5812,3954,342,6010,3992,159,1449,2823,7428,4829,1293,5127,1951,2910,3154,727,2847,6393,1925,521,4635,7823,363,5260,7567,7936,2842,1111,7561,3624,1573,7621,289,7112,5145,7787,2061,1817,1278,6014,7956,2892,4471,5111,4336,6759,5898,4101,4420,3502,3056,4207,5357,2248,3068,6553,5255,4830,6135,1080,7016,7113,2385,4753,662,7710,2465,4412,5623,2923,5890,7430,7527,1315,7217,2864,2806,2532,6240,1467,5857,3209,6703,4683,3585,3265,4819,2179,6468,1851,6457,2993,1154,4674,4896,7198,2762,4552,1804,5471,549,4971,7128,4238,1998,7334,1335,6888,5955,6571,762,2439,1453,4449,2144,4165,6842,2826,3839,2068,3735,5317,794,3917,1836,2133,6300,405,2142,7017,6423,2562,25,4028,6685,5470,6227,4364,7880,691,3850,4718,344,564,325,5085,3200,250,4456,5991,6382,6292,5372,2089,4889,7539,7448,6355,7386,5940,3424,7636,6422,5757,3587,6860,7372,6718,6188,4172,3763,5381,94,1606,1560,3846,418,2070,475,1928,4591,3789,6662,3893,4228,4133,5606,1426,7242,729,6930,1844,6770,7741,4653,7874,4380,222,3759,7909,6575,7498,6086,2218,7862,948,2558,7572,967,7349,7320,1237,7913,3026,6540,6243,588,6116,1340,645,3284,641,2230,4983,6836,6682,5422,2646,4713,1634,3375,1507,2599,1262,7005,7421,7789,772,4600,5929,2349,7548,829,3888,5762,5234,2932,5244,7963,6937,1260,987,1358,5210,1721,6965,1100,1117,6999,2513,2916,7026,2471,7633,4077,3596,2581,1862,937,6266,2426,969,3699,2038,943,7271,5326,719,7738,128,7507,3087,633,1139,711,7359,4287,4064,6459,4002,1224,3118,300,3042,8021,3653,835,41,973,1868,6476,483,2121,3793,2900,1232,7504,4302,888,824,4209,7718,4244,5290,4309,5920,476,1285,1919,23,3497,5847,6252,5224,7761,1944,1469,7174,2887,3161,7595,7208,4945,5597,2245,2190,2250,1577,1975,7679,668,6431,3078,6107,6680,1463,3569,6216,5081,4910,7966,1958,2454,5807,2194,6946,909,3032,2545,6499,2667,4989,1391,939,3439,6328,7606,1696,4565,1640,2057,2200,1834,444,276,1366,7707,4204,2943,2446,22,7814,3732,3704,1935,4909,282,3545,1503,1221,3236,1879,2134,1734,4448,2948,1521,5059,3280,4450,5599,2738,6277,1165,6896,1226,2211,843,313,301,4835,2345,1065,2691,4586,311,3801,4115,2861,5934,2098,5923,5516,269,4285,381,799,5178,3348,1446,4009,5630,5261,2537,1113,1524,1079,4279,1968,1892,768,884,3558,5459,2036,1177,4950,6822,3931,3911,6310,5427,701,2448,7780,5603,1693,6244,1355,614,5907,7734,2348,6129,3664,1392,6267,1249,852,5467,5613,4724,5944,293,6229,896,3017,1955,3670,6558,6998,3074,5520,1932,2111,3008,5590,7065,7742,2400,6779,6106,7803,7786,1169,7930,8002,1443,2595,3860,7998,234,93,6024,2914,693,3452,5481,5414,4752,3024,4969,4988,6569,7247,4673,7130,2176,6041,6933,4872,3567,4333,3486,4063,2379,2633,5118,6670,6114,8014,2897,7684,4335,4521,2542,4738,5256,215,4648,389,3603,3185,1738,3544,1575,4056,1213,1589,4690,1961,2007,2677,2479,252,4378,6399,7946,4686,7563,4050,2759,1869,2173,1528,935,6556,4008,2171,2161,7279,5844,5871,5956,2016,3760,45,1084,3886,6709,842,80,7272,7000,7743,2141,6401,2702,4123,621,7381,4936,5622,2874,7582,2189,8032,2002,6371,2294,2601,4055,2494,886,4017,6875,2108,4605,4981,2726,7604,653,1283,4608,4340,5493,3344,698,5268,617,820,7552,4151,178,4895,2343,6743,7139,709,6228,3099,264,5594,4225,5839,998,5158,81,5377,5935,9,4439,3867,1197,2457,1759,437,6640,2587,4042,2228,2417,3357,2110,1972,1121,2875,6616,4395,2308,5531,2683,2193,2903,7725,7550,4720,4289,1427,4251,557,1081,4299,5579,5793,8034,6001,417,4307,3666,5001,5785,5514,3033,287,4855,7702,6470,4383,8022,6945,281,3451,4857,3002,5501,1719,5987,96,7487,6091,2188,4470,6776,50,6386,1505,7757,5182,4694,5837,2772,3001,7490,5629,2521,5667,4938,4390,6563,4255,60,4170,959,1746,8036,1965,5065,6009,6708,5581,4604,6221,4122,5195,1407,6410,1076,5091,202,3425,227,8001,6658,1981,2219,6471,3681,1673,1593,1472,3944,1794,6011,760,5624,5646,3883,4797,4430,694,1509,7643,2440,3519,3756,4658,7313,5896,4281,273,7570,4737,3857,3178,7244,7793,3593,5497,3970,2792,1787,3088,1269,3606,6128,6984,3458,4476,7894,1339,4254,5429,5648,1484,61,1558,7598,1776,3148,3904,7564,1120,584,3720,1861,7785,91,3791,2533,4347,3752,7589,814,1551,707,1401,2639,2155,6774,3952,4261,7027,4257,7782,2055,3212,915,3745;0.702;0.07102079402079409
KNeighborsClassifier;0.6972655122655123;0.6730303030303031;0.6419739519739519;textual;2226,2799,3845,4879,5395,6547,3710,7337,7891,2098,5694,7388,1225,1008,6674,73,7701,5579,6089,2173,6080,4320,5221,7839,2984,4117,4840,6758,8016,1354,6209,2442,6692,5458,1306,7497,5583,4733,4867,4951,3007,310,2502,4046,4016,4639,4572,6748,7194,7734,7216,6589,7915,5680,727,3976,7602,4357,4561,4440,7508,7171,1492,5017,6092,1689,6742,242,5643,7776,7477,4173,2072,5541,8017,6786,3717,4104,3984,3716,7953,7144,6321,692,6660,929,7530,4973,3901,2608,4530,4383,1212,4709,6310,3607,6502,5852,5267,688,5671,4373,6926,4450,4559,7932,6850,7140,3307,7672,38,2928,5561,7627,5113,4939,4949,6834,5718,6581,2713,5404,5871,6045,1769,5768,4687,3674,1744,5149,4717,2233,3292,352,3291,5748,3946,6132,6783,6958,2649,746,3128,7305,5180,5698,5927,7395,5571,7606,7568,7269,7759,7185,3025,1723,6720,320,7246,4809,5161,4378,5278,5126,7975,7379,6344,4265,17,2930,12,4012,7034,6250,5106,3165,1658,4389,4835,3645,4248,4990,6819,6983,3118,5183,4465,5142,5254,4543,2579,1957,5270,4753,7353,4529,6013,236,4776,5043,2061,6241,1823,2424,6651,6573,801,7794,5109,7792,3542,8013,3941,1817,7313,5222,54,5042,7080,7335,7735,775,1739,1644,7038,7053,2132,5165,1606,7516,7925,1181,6746,4746,5663,5415,4309,6443,325,8023,7935,7125,6821,3311,4831,889,7137,6999,69,4131,5265,4921,339,6051,2003,4492,2282,7505,7047,6534,5414,7172,4409,5283,4371,5171,4636,8029,5922,2155,4542,5453,1583,2062,2547,5669,6833,4467,4603,7141,6672,4392,6363,60,5107,2133,6252,7708,8003,7576,7461,7944,3711,6530,4334,1573,5721,3278,6279,618,151,7434,5503,359,5532,4870,2668,4810,3084,6154,5967,8037,6919,1135,72,6623,7590,4914,7328,4006,5676,5030,5110,4982,4918,2195,7272,4110,6061,4428,171,7055,6308,7725,7299,7225,4318,2027,3608,4041,1390,5477,1728,5520,1678,7452,3293,4689,864,4393,7821,3521,6618,2179,2216,6866,6925,206,282,1667,2828,1888,4139,5097,5012,520,4706,203,1337,4756,883,2600,3942,5232,6378,5238,5041,7679,6665,7175,2824,7429,221,6910,7958,4786,247,4067,7023,2109,5693,7182,71,1310,2773,1602,4763,5112,2251,4296,6033,3183,7390,288,4577,4583,7971,5085,5322,6598,3936,1715,4287,6738,4170,5464,5120,7639,7859,5105,7659,6934,7363,7744,5969,6439,7114,6608,5853,4752,5355,7106,5217,3036,3947,6003,709,5459,5486,6907,5378,4874,2176,6507,7923,2102,7764,5004,545,1081,3646,3091,277,3445,1119,4634,5989,5297,1270,7279,4422,6332,6136,5664,384,6445,4629,4423,1162,7301,4102,4388,4658,3362,4837,7995,5975,4220,3083,3153,979,817,6584,5492,5227,5555,6649,7642,7546,5619,4821,4009,3832,7164,2509,2204,6142,6162,90,7396,6704,7385,1046,4728,6037,380,5419,4246,4771,8005,6545,1024,30,7257,7298,4416,401,5866,5287,5635,6184,6792,4298,3495,1452,4180,3849,4115,594,8034,216,3895,4526,1474,7772,4745,4259,4818,5026,995,303,3890,2661,273,604,508,5212,2788,3988,7307,6219,7749,5729,177,5160,150,5240,5641,6957,5998,1188,7498,7464,4234,3992,5716,7799,686,7622,1369,5345,3780,4273,6508,2671,289,6647,4625,5153,6913,7523,7989,138,129,2019,6849,7262,4628,1743,7911,2739,743,2322,7601,6695,5342,41,6646,4907,4182,1438,85,4316,6607,1650,4862,4929,192,7780,4491,4523,6881,5275,5372,4494,5510,3321,3329,6962,4829,1472,938,3635,4804,7748,460,5425,6721,4931,4271,8012,4986,4968,3345,5617,7036,6677,4506,5642,2801,6686,147,7243,7315,5310,5218,202,1666,6217,8031,7657,186,4138,4880,1415,426,4126,5653,7199,4336,6852,5494,5055,4222,4421,4617,3477,3179,7777,3786,4011,765,7683,7361,7502,4439,4195,5540,862,7285,1997,4274,7577,7584,5082,364,7409,4038,4442,4168,5130,3281,7374,4890,4385,5294,2053,5290,4074,4169,6826,3315,6285,4121,1974,2049,1125,7966,7934,4720,779,7495,7196,7426,7472,8010,3314,7841,4018,7198,6484,4063,5626,2584,6908,7092,539,4231,3524,5008,4865,5089,3309,5874,1216,4172,6611,7704,7454,7057,4105,7993,4943,5833,4947,7030,4200,6283,7699,6450,6555,5373,225,3980,1073,5304,7768,6320,4241,7117,6963,3253,856,290,4970,7098,6465,4007,6373,573,7871,6186,7074,5764,626,612,4537,4883,6640,4705,4584,419,7816,5914,5947,5208,7021,707,5365,141,5122,1429,6171,214,6264,5498,3020,7045,3098,6706,86,319,3824,5331,7052,7795,459,4019,2370,6734,1370,4694,7561,6510,453,208,4286,2015,2951,168,4369,2878,6862,3121,5745,4171,5445,544,2187,6878,1601,606,7984,6711,7204,3950,7124,4923,5195,3779,3681,1537,412,6216,5203,4401,6787,455,512,3340,353,6246,3761,398,2491,7714,4153,4132,3639,3975,4445,2143,5268,5317,7476,305,1576,7815,1149,4743,5744,6987,4365,98,6461,7483,6146,585,4813,6345,1151,4777,7276,3048,2392,5627,4341,7446,5434,5569,3469,7822,3981,942,6147,358,340,3481,1656,1534,7857,1491,4900,1289,7623,2805,1072,4044,345,5096,7022,4313,5399,6937,4849,5953,1208,6687,556,7684,4562,5456,99,25,3765,4457,5249,5547,5961,7532,2923,584,5873,3219,3729,3581,2728,5610,2264,5556,6794,3998,787,393,2760,7156,7878,3744,6495,5955,5677,6737,7967,4075,3977,5817,4600,1680,3442,6430,1233,3917,622,7914,4778,5954,1983,3952,2364,7079,7827,3996,1323,7736,366,461,4607,2079,528,4994,6414,4324,2089,7556,6882,1475,6974,2871,434,4347,2904,1367,5032,5320,563,4186,7475,3299,4181,7387,7905,4888,7271,5037,7090,613,3384,5738,4848,6990,6946,4330,5302,473,2716,6985,5473,5496,2972,7028,6577,4483,2526,7801,4092,6097,4917,5194,2437,4034,4882,5379,7386,4579,3051,7444,5522,6716,5640,4885,5625,2366,5285,7649,3510,2863,7327,224,1590,4884,4498,2094,5086,5636,7376,1011,4980,6799,4767,1368,7549,7339,175,5599,6024,417,7277,4904,5513,6528,4742,7554,1361,333,3010,4284,7542,7136,4096,844,4047,4008,6979,245,2284,6570,4024,3380,5708,7566,7669,7892,6347,374,2409,8011,5644,2134,6769,5793,5335,5475,7703,1274,7912,6115,4581,251,2938,6995,7304,7261,778,4020,4811,4608,4501,4824,694,3969,6747,7578,5117,5707,7750,4911,5537,4889,1055,113,1246,993,4291,6941,6681,47,5098,5590,517,4977,169,5,4433,2941,4327,7900,2612,4685,4653,7529,4863,2292,562,513,7447,6292,5699,5791,6713,6766,5308,3229,7796,6081,5570,1906,104,6650,803,7829,4157,2512,3178,846,1780,897,7056,5517,148,6305,7685,5423,5621,7837,2847,4113,4760,6730,2092,7230,3125,3756,5318,43,5176,4588,6533,1865,550,4054,4573,5987,83,4922,5572,7888,4266,5063,644,5344,568,4684,7563,232,2745,4162,7883,6764,5147,5273,2352,7107,2422,576,4469,1871,3564,6454,3839,4135,1287,7737,851,7260,4143,2822,5670,4142,4507,3333,6637,341,2099,4773,210,5200,2399,7779,7342,28,981,4225,1372,6303,3921,4698,5567,4553,2845,1252,6992,7029,4112,2732,427,5190,4793,4154,5483,3119,1502,717,1519,6196,3208,3080,939,7846,1280,2485,3042,1395,5234,4616,7719,643,7084,3965,2527,603,3657,515,162,5156,5578,5553,1512,6763,431,823,3122,6446,7805,1967,14,7940,8001,4680,7586,668,33,7830,7990,5806,4928,492,6770,6871,1506,4596,2586,6977,7713,8009,2371,5343,7594,4438,4938,7763,3574,2309,1052,5334,953,5743,125,1499,5354,1224,1517,7858,3725,6379,1846,7184,1771,5348,7478,4198,7756,5311,2319,5455,4679,7865,3126,7492,4268,4630,5476,797,696,4686,6816,5323,5657,4078,7666,964,327,2981,3555,2525,825,1067,3888,802,7108,7562,5884,1566,6768,678,3605,89,7617,1973,1049,3879,7368,654,6474,5646,306,3931,1399,4395,782,2700,1184,6247,4702,405,940,1779,876,7109,196,7812,7633,3835,7451,7755,6151,949,4459,776,7239,3877,5906,3727,973,3954,5179,4856,7131,4799,495,7626,658,7008,316,4701,8024,6670,3096,868,7069,5286,4919,4002,957,2626,5024,4055,4281,8015,4995,5259,5021,6372,7918,1155,1349,5154,4470,5077,671,6134,5178,8032,785,2510,713,5595,4795,347,5782,285,6916,6643,159,4226,7019,134,5534,4387,4272,3595,5083,3919,5131,7907,1923,7377,5628,4201,2449,3457,4053,5761,6863,1117,6688,4147,5482,912,92,3392,6781,5228,6140,5022,5300,3769,5779,812,890,3188,6330,3306,7676,4878,2587,4130,278,6965,4640,4589,3672,1798,4500,6844,458,830,4283,4080,5839,4123,755,7267,7551,5587,7539,7615,2774,6671,5251,4991,5124,7231,3022,6576,642,182,19,4377,6189,3967,84,739,369,6920,2880,7010,258,7456,7999,4489,3518,200,6722,6027,632,2751,3072,3205,53,4662,7863,5272,4585,6284,7157,1999,7268,298,7695,7391,1054,6956,5039,4692,373,6152,4897,7828,4905,7877,6410,7320,3230,1793,6700,3863,3176,2359,2735,5750,7761,7345,1165,394,7466,5700,1890,7643,6466,3268,5542,3853,4051,6072,1044,1204,2113,3437,8002,6225,5697,7898,2330,4681,7553,470,4683,4073,7926,120,4841,7317,5034,3963,6215,7380,6829,447,5714,7607,7211,4456,6299,4250,7819,695,478,7872,6183,4232,7629,6942,863,4727,6369,4376,61,7403,650,5614,5715,4013,2675,5454,607,3013,4817,5826,634,7015,1996,3519,5389,7153,122,6803,571,2977,1200,5054,5480,4851,587,4227,5408,611,5381,4406,6548,527,4068,4871,6384,4216,3902,6551,244,5876,5878,315,1665,962,6394,6207,213,4116,276,7540,1317,5581,7401,6118,7845,4366,7817,1211,239,5652,961,6192,6811,7479,7711,4398,7118,8022,296,3922,1243,3148,107,1001,7962,4761,7179,6928,146,3913,422,1272,1378,371,261,133,6167,4534,4410,5076,7718,7001,5341,7620,7531,4946,7740,3684,5616,7986,3313,7220,4749,6830,5956,3926,4136,2796,3060,3065,4218,1142,7920,1223,5457,6691,691,572,3831,971,4843,6022,4026,5103,2279,1145,5410,6395,4999,5901,3625,831,5025,4301,2396,1348,7762,5427,637,3528,354,7071,198,6007,4582,6325,372,7824,4688,7897,4978,5363,5984,1613,6107,4025,5466,2992,6606,5235,5114,5307,410,6497,5033,318,2537,4065,5070,3658,860,4511,7557,7167,3215,6725,109,2405,3860,5785,7941,1413,3893,91,3712,1420,875,5046,1173,788,4569,7063,5739,7698,4015,4155,152,909,1166,6810,3958,1536,6689,1362,4612,4678,255,5407,2907,6888,1640,4638,4146,6105,4497,1258,7947,4197,7956,260,1066,81,7482,5118,837,7889,7181,6015,1713,4022,6918,1688,7066,7427,7604,7324,879,4028,363,639,1139,4695,2281,908,4913,3909,7468,6125,4801,4827,7189,2260,1840,6590,6675,3627,1201,6807,7224,3087,5450,6760,4447,1909,2625,3855,3989,4196,6042,7201,5056,7238,736,7581,4072,1240,1596,833,6016,651,7580,7166,5164,5299,6568,6487,1562,4512,5292,731,331,531,970,3054,6790,5666,840,597,6905,6058,424,7730,4570,5592,1392,3168,6088,5412,4332,5431,3760,2412,7887,569,5706,1746,5926,6732,1084,6635,7470,5624,718,1427,2698,7393,967,1567,7280,5611,7804,4626,324,5197,7265,7205,2349,321,433,8007,1065,5908,6101,246,5279,6923,7408,1078,4906,5316,4386,4785,884,4111,6969,4367,5900,7600,3251,6901,7170,404,3360,3395,2777,4664,2031,7664,4586,7655,7693,7419,680,1638,5527,5858,6230,3548,1355,7282,5672,4657,6400,1998,5809,5446,6838,7083,7922,6413,6822,457,662,1591,5058,4478,2554,2943,5143,7970,2136,5932,218,193,4077,3026,3966,7996,6997,893,2361,7885,7362,7974,5011,5558,4444,3986,3446,7491,4909,7178,7631,6304,5911,1533,1547,4649,6181,4364,4850,5487,215,601,111,5980,6921,4930,6755,1697,5479,567,988,5284,871,7226,3796,1455,1624,7031,5596,4574,4048,5314,6160,3861,888,1912,5182,6411,4768,5564,1731,6820,4108,850,839,1541,4975,1202,6239,5386,2809,97,6214,5687,234,4354,7293,1530,715,7688,3396,6761,4238,7203,1396,7994,578,7599,284,1503,1799,7155,6817,7422,2296,4391,5233,1278,1719,3762,1479,1714,5601,3499,7059,781,4765,3427,5462,7067,5526,5340,467,343,819,7343,6771,1120,7853,7731,519,4667,4454,7232,4556,7510,4988,1631,6806,6991,665,1616,1725,143,5512,2465,7598,873,64,1384,4693,4524,4514,1685,4166,1701,4079,7382,6099,518,49,5438,5921,7913,1657,7294,2379,7152,88,4400,3327,1215,6126,5435,4359,227,3964,188,378,1404,4915,827,7499,1790,3746,3055,5073,1262,4043,6480,767,1227,6221,5902,4754,3815,989,998,1724,207,5305,5007,729,2144,4718,4557,771,5210,972,3953,5917,7603,26,1194,7490,1711,1787,5467,3758,6419,3005,6227,5248,7835,2274,7976,1209,1839,4093,176,1196,7436,2622,4458,7209,1128,2968,6944,7942,4522,7965,2091,7097,187,4652,1911,5519,7217,6685,2058,1732,6462,1466,5422,3752,4775,6868,1828,757,67,2964,2737,3390,6090,3046,1259,5937,499,5148,1032,1621,5934,3957,1360,1630,724,615,6684,7009,7899,4062,3971,2733,1580,6270,7874,4738,6594,7244,6423,991,6948,4280,5135,6242,5573,5280,4305,4185,2265,6857,5594,1956,396,5631,121,7769,4568,963,2127,1276,312,1096,87,6936,7399,2052,4964,684,1290,1670,608,2286,1297,1615,4263,948,428,2807,1907,726,7412,7856,7122,3152,5393,5356,6911,189,6583,223,5418,6499,7130,5102,832,7906,7789,4576,7691,7099,7651,1203,1768,6961,5420,4189,3545,4714,5013,3641,5219,7139,4854,1206,5162,1599,5065,128,5081,5502,286,5388,4091,5313,1432,6412,4677,1940,6759,5159,1462,5469,6334,7902,1318,4156,5988,600,7937,3014,3339,6472,5152,7014,3573,7933,4822,1275,1548,1639,275,4082,5091,861,3381,2568,4118,1884,944,1074,6680,7613,281,6998,1918,95,7738,7803,6254,555,7384,2386,5509,3751,1060,5683,5127,1480,1908,5560,5269,1097,5036,3502,5665,592,5507,5539,448,379,462,1524,1030,5443,4224,7781,804,1975,5380,2575,3834,1089,154,5206,1444,3263,4825,1277,872,5440,3468,992,1902,439,541,59,1904,561,6696,2559,5910,6044,7555,2615,100,689,2435,6815,430,7630,4842,5554,4645,3220,1261,3114,6100,45,376,1152,7041,6540,1005,1190,3295,4344,6093,1847,2859,5550,1900,7697,6491,3617,1586,5470,4729,117,3735,4236,2689,1851,197,4303,1301,377,2736,1217,7428,2397,6275,7473,1892,7050,591,7344,5757,170,943,52,7437,5413,220,1949,6269,7308,2410,2246,2151,6775,4208,6085,4179,990,7064,4285,5139,7416,3462,946,4916,4520,3262,7700,1497,3932,6893,6610,904,1163,1832,2715,1172,5256,7961,7264,7547,5511,2023,1085,3924,1210,5005,511,4965,3109,6185,1012,2829,7512,7552,5722,7811,4434,2030,1545,2996,2118,2472,442,142,7910,3703,7004,559,947,5528,6972,5844,4144,4076,2516,3776,108,6232,1716,1682,986,5390,4571,1393,624,5484,1597,7860,1381,524,131,2009,6914,5119,6973,2186,4243,5883,6837,3144,4651,2425,7248,7928,1365,2167,1242,6616,5090,6831,4979,3181,843,5029,4203,5452,4891,2208,4134,7810,5074,886,4337,3275,292,780,1401,5191,619,7300,7187,674,4953,2953,6068,1625,348,2966,4325,2002,2247,6773,1614,842,6717,549,274,183,6842,106,3298,1014,820,2035,7745,5997,7723,4670,5252,5052,7000,2197,1043,7042,5880,7921,7062,5432,5538,6563,4833,3353,1495,6940,1789,6222,2605,4361,2959,4609,1105,1458,7641,3933,3532,2545,6762,921,5224,1733,7278,6339,7312,2034,1619,1654,2815,2209,530,7228,3561,7533,1476,4648,2018,124,4184,1086,965,2006,7442,6754,740,263,4190,7005,7161,1762,4794,1741,4099,4471,5598,3069,5339,2131,4188,745,4857,1897,1379,2562,3916,3968,4642,625,5433,314,2613,1437,4509,5557,307,5679,1251,1461,7939,4691,1375,7503,5468,4412,2258,5257,5205,6795,6996,7840,1637,488,6612,5136,5351,506,6777,2075,2346,5324,1683,4193,5019,6641,523,4449,1753,472,5346,1309,7654,5111,4954,7095,4204,4481,7582,5350,1038,7425,4510,6712,7372,2638,2081,7073,2803,7318,653,2321,2307,701,1877,5737,2592,570,4161,712,5202,335,5394,1634,5358,2294,7665,2170,2338,609,7093,2423,3480,4017,1177,7111,4443,1944,1809,5849,5843,5673,4826,5360,2202,6377,4267,6316,8000,6605,7151,7013,4712,6397,7520,647,6297,2970,6096,6237,1154,4660,5585,1063,1469,3720,4847,4655,2100,6489,915,4292,1749,2415,4671,7638,1805,2301,4052,7771,1470,7854,5276,4405,1231,1894,7727,558,894,1994,1845,3057,1563,4084,5309,4598,892,6600,6693,7904,580,2077,7222,4551,1023,3405,1053,7526,7165,3288,5409,34,249,1595,3171,6978,27,7977,2218,6714,356,4912,1266,2311,23,2207,1441,2261,5723,3619,4606,5361,7509,936,2358,399,4528,166,2123,3071,4654,1179,6073,3192,5536,7002,588,610,5658,1750,2298,5899,79,685,102,1783,2445,6757,1025,1674,6504,6402,2028,4415,956,1488,75,1116,5661,2368,7012,2163,714,6418,6253,4310,4877,4726,4237,2177,2378,2250,1628,265,3338,2430,3318,6262,6103,3236,6341,2693,4380,1247,2325,649,4732,4564,3511,633,1526,2499,2157,6843,1868,4945,3269,365,4345,1712,2719,157,6791,2306,6703,4205,6676,1992,784,3840,1122,3475,4605,181,5753,3803,1925,7517,960,3277,4340,2515,5157,6077,155,5226,3745,7142,2850,4127,8004,1174,4690,4335,6544,1945,7987,7560,5887,3790,5659,2403,4903,3743,269,1465,130,7667,361,7802,5584,5359,1486,2245,4355,6798,4160,4202,659,1987,4295,5175,6537,2945,6448,3552,4963,5549,814,6485,4255,1585,8035,3886,2389,596,754,4150,905,256,6800,1229,3150,7673,4925,1978,7180,1767,1873,1600,719,1003,5925,542,5245,1182,504,5769,2460,702,5600,7420,952,5802,1332,1298,4133,1137,7435,845,7011,2269,7354,683,1968,4548,4981,6267,6546,2227,928,2958,7747,4920,4235,5763,3097,5760,4353,4872,4098,103,7766,1736,6933,923,5038,966,887,2670,4908,663,1984,7583,4089,5045,2312,4941,2060,2085,7370,6682,1326,2464,7309,7044,66,847,4508,1958,1443,6083,6519,1690,3939,1710,5960,454,226,6980,6898,2115,7026,4860,7682,2223,2126,2630,1953,7663,5396,4304,3956,4983,1551,1057,1679,3985,5771,5533,737,4993,2480,616,6354,5867,6057,777,1788,2601,7851,5406,1717,1887,5330,2156,772,1239,5474,5173,4575,3209,2651,5695,1456,7469,655,4033,2610,3948,3500,756,262,7150,2595,3189,3757,2369,1269,4892,5632,5801,4129,4183,4057,6473,7834,4935,2347,7519,1271,7283,7072,800,3139,7595,3937,1169,1493,6531,1764,2182,4088,5518,4541,7869,1986,1772,423,4819,7016,7132,6229,1941,4987,1718,4533,5606,7574,3108,271,7302,4293,1893,4781,5651,4103,6839,7162,3403,1064,3961,7838,238,1108,487,2135,2496,5376,4739,2196,1430,3420,7950,6892,6938,2271,161,699,1079,4502,94,5338,3041,5713,6669,6539,5945,7358,5199,7255,748,4040,1806,4503,6628,6723,4333,866,5710,1587,7739,2632,4591,2171,2128,7065,1257,4852,4621,2528,4984,7668,5328,3846,728,1380,5478,494,4844,1885,4004,1582,7025,5437,621,2979,5062,2041,4893,2427,496,1412,1722,629,1144,7788,1824,1825,5692,1970,2038,1346,1425,4219,7571,2553,1249,1691,4737,5059,1435,349,1389,4834,2008,5369,6952,5820,6873,6982,32,4264,6994,6194,3348,7378,4518,5028,6455,2244,5620,2191,5132,1374,55,2348,145,2834,854,7088,7943,5442,6705,1950,6828,2702,7678,6879,1147,6698,2329,5904,191,5368,1811,2754,2474,2552,770,968,1704,4713,7980,5588,1730,1870,2917,165,2270,4887,5075,2763,2313,865,2249,1696,5241,4961,7852,7635,1835,18,7367,1377,6456,3554,2488,1765,7903,2107,2277,984,1774,2629,6939,661,2647,5472,5859,7893,1782,7081,2939,7963,525,449,5593,1327,4424,6880,7060,5277,6561,682,3923,4,733,2889,786,2046,4627,2673,6968,2194,4223,4482,2344,2656,2710,4747,1926,1006,4783,4488,1102,826,3852,2738,6668,6886,5295,1575,1661,4927,160,503,4372,4217,7809,6906,3066,5170,6715,2124,1076,7303,5944,7453,6043,2535,8018,4032,2486,5634,1092,1910,135,3247,3970,1629,7113,7652,4580,5223,4610,5861,1815,1544,5966,1882,2652,1520,1754,2574,7619,464,7341,5958,2391,1294,2827,6630,1856,2332,2792,6106,1168,78,5145,7290,3504,468,6360,1963,1598,2032,2263,2888,2138,1299,2947,2642,4792,3015,1565,1015,2288,1467,1981,2222,6805,1021,8021,8026,676,7507,4435,4349,4644,2074,7058,1664,172,3213,3255,2531,5597,2139,2900,1841,4358,5306,4037,2916,7273,368,1490,1121,5229,664,2757,5357,6602,5271,5151,5246,2603,446,3724,2842,7100,344,5298,4212,1489,4699,6557,3848,6511,2887,602,5441,1221,3287,4643,7183,2551,677,1641,4125,7983,3358,4368,3955,411,3927,1268,4550,1729,3698,4555,6599,896,3044,7686,2147,2621,2919,1676,1498,6836,6970,1410,2573,237,2967,4976,2137,538,1150,4646,1058,3485,212,5996,7245,2565,3045,56,1153,5717,5296,5705,6796,6900,1130,62,7770,5948,184,1376,24,5144,7316,4724,5500,5329,880,7484,1577,1036,6460,7177,4039,7389,2353,4711,5436,6929,1314,3342,4710,1454,7729,5962,5023,7219,2857,2624,1556,4058,5449,2770,2769,1914,3482,5293,2497,7094,2121,6897,1775,6865,1946,4453,2455,6526,4969,2802,3322,1508,3944,270,3737,4158,7758,5447,1264,5209,6380,2014,5875,2108,2639,7338,5060,1408,6729,6899,710,4249,5264,1095,1186,6856,7924,1969,1796,4721,1542,6667,2037,1333,1338,6932,1800,5255,2692,6789,4010,7129,3609,4312,1808,4611,4191,267,3206,6745,96,4766,6575,4299,40,6749,3063,2998,1132,7423,1695,7873,2116,2130,4806,3356,7596,5000,2768,5424,2532,3107,6780,595,1869,7035,3655,6331,1340,5169,2328,3260,598,6128,1539,2039,1422,1061,7286,116,6753,1936,937,5439,3011,3597,4722,5688,1205,4446,3162,806,222,7040,7359,6249,5397,6442,5582,2005,2090,3378,2650,2534,2851,36,7173,3244,6960,2580,5015,2242,4762,2248,5031,4682,705,7381,855,2504,1855,6736,2903,2180,6699,248,6585,3934,7494,7085,5387,7948,5068,7585,704,5691,1618,4859,7782,5242,4420,1948,4319,3161,2685,2285,3285,6912,4370,529,1916,5749,4896,2676,2756,2730,2054,1077,1336,6659,3027,773,4300,254,1286,1453,1083,6163,1160,2476,1648,4673,3808,3374,330,7221,407,3194,7481,5140,2684,7656,4959,3112,5035,2225,4704,5562,2097,763,2494,2394,432,4535,4590,2438,796,3158,5213,7115,2681,3033,2257,7457,4485,6988,7882,1198,1328,199,7218,7515,6966,1220,906,1222,997,5545,789,1090,7662,386,156,935,2709,3,1522,3825,1920,7690,2576,1571,2145,1862,4030,507,6536,3164,5709,2894,2886,4437,1933,3294,1045,2373,2268,768,8030,5231,6824,2758,579,7242,205,623,6719,4277,1279,4855,2517,5391,1292,1649,7440,3175,1134,7692,2742,3254,7462,7960,3202,4770,7281,666,326,7046,1777,8027,3001,6915,2855,2659,6903,697,3361,815,4499,179,93,402,477,6204,6867,6559,1516,1878,3520,153,3195,5364,6401,3440,2420,4346,2563,1288,5615,7534,7760,3583,750,1578,811,3130,1385,2779,6718,4251,3009,1872,5262,3379,7605,1106,3426,5061,4578,2184,6176,5992,670,2912,3016,301,2511,4790,5405,7806,3370,3463,3167,7621,4731,4317,4532,2683,7632,5816,4604,1546,4772,5535,5481,350,899,5192,2293,636,1604,5648,4288,7876,6596,7431,3526,4276,720,7460,5812,6329,7513,3920,1939,3606,408,1734,1681,383,1903,4668,1178,3123,7120,7314,65,7611,6930,3671,3174,3021,3456,566,3073,7237,2333,3328,3898,6119,6525,2162,3828,2484,2461,3915,1339,3078,3389,4594,2212,3636,7356,1528,1034,6552,6273,6475,2723,7850,4615,1363,3217,7397,4177,2766,4407,7051,4269,1632,2831,2922,112,1296,3670,4390,3376,1693,2320,1589,4014,1136,2462,5123,7959,1859,516,2962,4599,2806,4539,1436,4239,413,5805,4808,6416,4145,6122,4480,4107,5237,1867,3400,7119,1037,2790,7798,3081,3398,1833,1842,1626,2382,6164,8,3930,2190,1304,3242,1056,3157,2253,2150,5260,4647,3200,599,7500,1747,6161,2558,6129,1308,4339,409,7575,3501,4036,2606,1322,1273,3466,4934,869,5701,5327,2529,2950,4187,3008,2487,1827,6518,5150,3177,3449,5654,1550,656,3371,2542,4468,3012,7287,1752,7982,4081,3336,4650,1579,4356,3019,5047,2825,4926,2589,7616,4635,2812,3296,6750,4517,7033,6433,1821,809,7544,2070,5261,7089,7398,1830,4128,4719,931,1647,3156,4560,2623,502,1938,3187,5525,4734,2752,1238,2718,565,2188,3409,7043,3979,2503,3169,2327,7525,2782,2937,6840,2141,6437,3541,2095,3723,180,4199,1199,6421,3023,7,6104,3580,752,535,1075,2786,641,3100,1113,7916,3652,3454,77,614,974,4748,6673,2869,4175,3056,583,2749,3357,7192,2454,445,7646,2725,3687,7832,3190,7493,1819,2731,1818,2778,3062,2278,1924,3631,2498,7121,4140,1572,4275,3640,5121,980,2747,3435,7570,2602,7979,7917,6679,5398,8033,229,2501,5258,3498,37,3117,1514,6739,6025,5016,4674,4050,3738,158,1675,16,4866,3201,6774,3629,4716,5490,882,3649,2016,2682,6075,6825,2215,2696,2982,3512,1766,3766,3335,2783,3585,6702,5529,272,4350,5448,2628,1838,4461,7193,3404,6644,5488,3648,1991,1434,3749,3983,5814,2317,4750,6959,7340,3576,2001,2934,4631,2814,6477,5575,926,7336,6452,5303,3035,1051,7449,3604,3801,3973,5465,2080,5014,2290,7864,2879,6964,3388,1964,3588,5411,3972,114,313,7808,2785,4448,1776,6877,7843,3433,6236,2508,7258,7270,1529,6953,240,7441,582,194,5795,1158,3061,4788,4675,6169,3028,5463,7488,2428,3707,1431,1927,2387,7369,4899,3386,2523,4003,1518,1004,1330,7116,3508,7061,4525,698,7964,4828,3257,5020,1391,3218,977,2791,3807,1248,3325,3667,3323,7360,891,5353,818,3196,5546,7945,1031,1170,7330,4343,2679,2952,1048,486,173,6513,3286,2838,2275,1335,7032,3394,4744,4735,3507,4417,7537,1652,5681,6211,1866,1836,3308,7326,3517,3695,1402,1930,6624,2711,1952,1341,533,3228,4431,6841,2088,2911,6861,514,1109,5072,857,6864,6120,1549,5952,7158,3844,4886,5155,902,3702,2593,3483,5732,4952,1515,5196,1028,4641,7227,3894,3354,3383,2975,723,2362,734,6731,5633,4996,3731,5250,6710,6366,3302,235,2421,2022,5580,7112,5177,2826,2446,7767,6597,5044,7707,1451,4656,6808,3267,3032,2063,233,3540,1899,2101,3432,5613,1111,6887,3147,2914,479,3742,6501,5544,7721,794,3038,816,5711,4120,4971,63,7207,2818,3491,2994,7135,300,2942,4106,44,6661,7486,1080,7096,7949,5321,1345,738,758,2726,5444,6000,6859,7844,5774,6002,4803,1966,4429,4141,3722,2640,6945,118,1778,4306,822,3416,250,2707,4823,7785,2932,5018,3560,7020,2067,5088,3297,2820,4381,3407,1446,2175,7650,1267,6110,1419,6782,1853,480,3186,7365,5137,5609,2316,4328,7521,4042,693,7807,3418,1700,7716,2383,336,6438,1917,7355,5050,2481,6374,3767,7588,987,5366,877,7007,1131,2897,1510,6654,3841,3539,7402,5638,3662,3074,917,7432,4427,4637,3111,4463,7411,1421,2694,1353,3143,2104,2856,2489,7955,1905,2505,932,6765,4215,3486,5675,211,7202,5990,7536,4780,2105,7191,3232,5604,3490,1017,2963,6726,969,6947,2906,4282,57,1300,2833,3618,2433,7174,3740,2341,3489,2426,1175,3822,115,1781,4261,4672,3593,1449,2029,5605,5775,6338,7103,3160,1487,4769,1263,132,3615,7774,5385,3250,5383,6005,6896,1406,5428,414,1256,3768,293,6549,660,1976,6087,1033,805,7236,3515,5678,3140,2841,2902,5803,7250,2663,7311,3214,762,6467,5087,6625,4311,3514,2149,3129,3411,1405,3330,2540,6426,2518,7169,4331,1834,7705,4924,3881,5888,4567,2658,1133,3987,5939,4244,3590,1921,761,438,4436,5049,934,1387,3004,1735,164,4278,485,2965,1645,4164,2721,5426,5048,920,1040,3522,3818,5767,4513,1482,3037,3634,1320,6034,2885,646,1990,3095,5840,2230,4163,2384,1757,1852,3622,1484,2159,795,3549,2234,5928,3450,3821,1414,3579,1027,4779,5521,1101,7357,1922,6049,355,3131,2413,7233,3444,7251,5808,2780,3650,6949,1770,3693,3782,5069,5002,136,3940,5686,3347,1659,1302,564,3101,2550,3234,522,469,190,3873,5983,435,1535,925,5417,5719,7289,3726,2367,4782,5667,1507,2377,7234,2836,6632,6153,3887,5896,3284,6114,7765,3516,2929,4059,2071,1803,2395,5995,2337,3827,6767,1359,4206,5543,1213,3997,5856,3732,7890,4784,1607,3093,5051,5134,68,1971,3399,7383,2400,6223,2200,6178,5778,1623,3770,6138,1889,1351,2895,1331,1748,4967,381,4875,3804,5847,4087,3034,1928,7671,3791,1694,1424,7024,4294,5211,6004,6031,1829,7660,6224,1140,6166,6566,7263,6797,903,4894,675,4464,6645,4998,6111,6218,3349,1901,2848,1804,5589,1485,4902,279,1232,6835,6743,3945,2991,5674,2973,6086,2877,3736,6666,6398,7410,7849,4176,6032,4045,3819,1972,3857,5752,382,2892,2617,6150,420,2057,3632,7528,7587,2775,7331,7929,2986,2374,7147,7870,7978,2443,3365,1552,1686,1643,1112,6322,6010,2291,7728,1504,2956,7351,3628,476,681,3334,2931,1187,6690,5080,5824,5067,3029,1854,5841,5193,586,2012,2273,6358,3289,1426,3705,5568,3566,4137,2183,3701,4426,7791,7039,7333,3414,7400,1642,5929,1371,3680,1633,3784,5864,3682,4374,6976,7319,2436,2823,2470,5158,2672,749,6359,7786,1708,3668,7569,5186,7573,6112,3003,3067,4597,4262,3448,7732,2599,4703,6814,7901,7448,3079,1237,6701,7681,7973,8019,4536,3905,7348,6420,7133,7206,1099,2704,6917,3428,185,437,657,5819,747,6752,4254,500,1687,6851,3587,6351,5740,3885,2059,7625,6516,3675,2044,3686,722,1988,3431,5185,2808,1850,1592,7254,3258,1620,4194,311,6173,5759,3876,2078,2933,283,441,5168,6095,4895,2010,3883,6006,2114,6785,5860,2585,7101,7200,1100,5731,667,732,5001,2908,3763,5881,2662,5325,1448,6535,2343,7145,3557,3193,5862,1795,6268,3523,5872,309,5403,1751,1439,3614,4798,2375,4545,6071,2254,2129,4451,482,848,48,6307,5576,3673,6355,1784,2813,7710,7186,2017,1321,6210,7514,2665,5495,5836,3799,735,3343,552,6470,6035,7143,6009,2,6678,3256,1761,3110,6323,5516,2583,1464,2901,3170,1123,982,792,3503,4192,6109,3589,6875,1388,1543;0.666;0.02402604802604813
SVC;0.3005535149474543;0.5479797979797979;0.388116458704694;textual;2762,3927,6379,5249,7978,811,7915,5314,338,4628,6861,6578,154,1424,3155,790,4649,3670,6540,4785,6345,1160,5729,7023,7698,4520,5560,2050,934,1117,399,1919,2347,6068,2010,4742,8029,7970,6238,5024,1727;0.707;0.31888354129530594
KNeighborsClassifier;0.7208435545935546;0.6972727272727273;0.6922782772782773;visual;548,178,1574,834,545,220,776,1098,1151,680,697,326,276,690,1148,683,1437,502,335,3,893,1584,179,1223,773,143,13,646,1499,918,208,189,1366,291,258,1618,597,881,1174,976,543,961,624,703,1068,1641,989,423,1247,1308,1079,1156,645,25,815,1575,1323,1050,889,1402,1102,1307,1631,1365,1221,995,1066,1369,859,767,1044,65,1544,1321,371,1486,169,997,1347,536,348,685,1135,801,150,1480,935,793,1173,1594,688,33,387,1200,180,1286,744,26,720,469,830,1089,1026,1482,122,589,1013,1565;0.608;-0.0842782772782773
DecisionTreeClassifier;0.6920875420875421;0.6839393939393938;0.681861471861472;visual;43,320,1488,879,1472,1531,353,1418,1340,945,548,497,84,489,1037,699,644,1105,554,1084,787,801,397,412;0.535;-0.14686147186147192
LogisticRegression;0.6500344717011383;0.6648484848484848;0.6378810078810079;visual;1576,360,515,961,731,1017,161,1021,1294,527,536,826,1636,11,637,1039,1491,535,70,232,288,49,714,83,222,1193,569,18,256,1357,353,1531,272,1231,27,364,1093,881,1618,435,1176,45,411,1171,1296,1552,1575,802,63,30,363,1493,1509,150,1364,1313,1032,17,1571,1457,505,184,101,1342,359,42,665,193,1145,67,1468,918,1057,234,1174,1328,1549,1185,661,405,1264,520,327,77,651,1252,1428,1135,432,93,1500,1435,1625,1355,701,1647,1566,1570,893,97,963,1544,751,271,646,720,1607,106,72,1014,980,1644,584,1199,21,698,647,1577,686,1257,342,68,1633,1469,252,800,1123,1512,372,1163,1175,1564,745,712,427,983,1144,1506,1426,1043,436,640,1076,1403,765,1354,888,1535,1067,1455,328,1445,724,1292,676,1396,877,1180,1263,952,1227,1363,699,61,1461,192,510,1379,1338,1411,1537,979,1146,1035,87,1601,1022,1540,1593,1312,1061,493,567,981,1253,635,1399,1241,340,199,374,1481,78,1113,945,57,975,1109,201,285,1204,959,1001,1321,1004,1045,1293,297,1483,1010,964,1236,282,656,839,1429,1447,552,137,248,145,1538,1188,763,1562,908,1487,412,1612,822,697,1409,344,41,255,1143,205,972,1546,485,825,883,775,1585,265,331,1456,1521,349,1121,262,941,1459,590,1339,1344,1526,461,1581,1558,458,319,460,1345,1217,140,1400,613,756,938,456,413,998,688,860,1161,1100,944,1433,1228,681,129,1441,1513,968,974,1479,446,394,39,1359,495,1438,904,1524,1168,122,574,855,1414,59,1108,869,166,95,1024,1118,565,1234,898,561,748,862,1502,1323,1474,1626,1132,629,237,555,1184,562,864,1116,300,217,1205,1337,889,799,664,747,1229,707,1095,924,897,1334,886,1453,1617,233,211,46,25,923,628,4,454,940,1223,65,1543,270,119,954,684,149,1352,1494,858,1276,1255,769,669,537,341,197,1372,1003,1629,218,1522,803,868,1419,612,98,848,1242,1134,188,370,417,102,1573,1056,654,639,1640,1417,408,621,257,708,764,965,174,1173,1460,496,438,1369,985,465,894,1149,251,1201,1187,1246,1030,1214,1048,457,1371,1589,482,1082,110,844,1559,1416,1019,828,1286,351,538,634,507,316,416,1273,1085,529,967,627,820,530,309,759,1269,857,1307,1148,253,52,638,1065,452,75,685,231,369,1088,169,849,1611,789,343,1631,1318,1347,680,326,796,1553,1645,1244,352,1517,812,914,260,1580,306,1395,445,818,229,120,668,298,16,786,1598,462,821,382,630,1349,249,779,281,551,847,365,1225,277,1503,677,948,1162,324,216,414,1427,58,472,367,203,315,1498,1520,198,1289,171,224,545,180,589,1119,437,176,1472,501,377,591,389,236,865,829,993,397,891,1305,280,588,514,1646,644,741,711,518,1068,187,1301,988,330,443,1157,710,887,371,1251,292,223,467,1213,1604,1324,905,1291,376,702,793,1550,179,293,384,1440,170,1050,1130,705,903,136,1304,29,86,1462,1380,1332,939,1466,596,1311,1097,487,167,378,750,230,434,907,690,247,1230,396,622,581,439,334,172,575,1232,91,533,1642,1568,895,494,1430,1476,784,531,1613,33,1178,838,1033,1154,928,617,504,1265;0.608;-0.029881007881007893
SVC;0.6144967532467531;0.6013131313131312;0.592001702001702;visual;404,863,998,467,1021,1154,144,1535,97,441,982,69,172,1344,409,981,152,1174,405,979,1265,145,1506,1226,483,1157,475,1179,1096,651,914,1014,536,1554,1365,851,364,1040,1611,1088,11,643,1302,592,532,521,759,1141,1059,111,1544,1169,1483,772,1637,1282,1075,1158,842,448,662,588,634,1396,945,166,79,650,335,399;0.58;-0.01200170200170203
RandomForestClassifier;0.4762037037037036;0.48515151515151517;0.46779701779701777;visual;;0.638;0.17020298220298224
AdaBoostClassifier;0.6742520442520442;0.6648484848484848;0.6585111185111185;visual;193,1633,1185,1194,790,1544,626,650,704,768,1070,556,836,477,967,666;0.654;-0.004511118511118517
GradientBoostingClassifier;0.715923520923521;0.6943434343434343;0.684064454064454;visual;1025,1256,703,1033,652,665,1116,1372,885,1228,120,851,181,599,1562,242,482,730,611,1345,525,1348,1282,1193,1031,15,606,793,270,257,1498,1591,1600,585,465,473,1135,13,899,1057,704,666,1161,1445,1378,324,504,1089,1299,1323,637,1467,178,1068,1243,261,1400,22,589,1303,264,817,1560,1507,930,1187,1383,186,656,56,1454,781,1082,140,1451,1558,991,829,233,467,1452,1093,1438,454,1330,975,1441,1186,743,1095,461,948,1463,1103,222,1410,1079,151,762,460,313,1547,650;0.587;-0.09706445406445408
LogisticRegression;0.603013468013468;0.6034343434343434;0.5936728086728087;audio;9,5;0.546;-0.04767280867280865
GradientBoostingClassifier;0.6632178932178932;0.6559595959595959;0.6506445406445407;audio;2,10,0;0.587;-0.06364454064454073
