;precision;recall;F1;Modality;Features
KNeighborsClassifier;0.6122113997113997;0.5966666666666667;0.5692241092241093;metadata;0,3
LogisticRegression;0.5800705467372135;0.6057575757575757;0.5624247974247976;metadata;0,3
RandomForestClassifier;0.5091750841750842;0.5057575757575757;0.48375513375513374;metadata;
BaggingClassifier;0.6889454064454064;0.6408080808080808;0.6082909682909683;textual;1113,1782,289,1275,2327,2461,528,1522,952,3010,33,2019,1509,1125,89,1944,2888,2373,1269,2647,2169,686,2066,1568,620,882,2308,681,2236,2856,1823,990,2498,1223,2405,1453,1516,1129,894,2097,2685,1292,2436,696,386,2690,652,411,2176,2571,663,1523,815,336,1245,642,561,215,15,1443,1584,169,3098,2883,2199,2145,1153,2516,3049,376,1588,1580,2131,2349,2483,913,1727,2340,1576,546,2854,1546,886,2197,921,3276,45,1131,2194,2762,592,1841,1229,3044,375,1448,50,3125,1662,1978,279,416,3202,2518,3001,874,1103,1938,3197,1832,3222,2623,103,692,3117,1486,8,2961,1039,1793,3249,2605,628,3206,596,3055,3156,695,2807,1327,253,488,2593,2699,568,923,7,825,2336,2374,1807,1346,2068,2869,2865,2301,2946,1986,1779,177,903,1196,1003,1936,257,1297,755,609,2210,2850,2719,2388,26,614,644,3030,625,1398,1515,337,1189,2579,2654,1885,2632,3083,2300,566,292,1786,2214,1851,2282,2005,1017,1853,2273,246,2124,2384,1345,3115,255,2504,3208,2906,837,1256,3263,525,368,1224,2514,1006,3061,2153,324,2303,2707,1296,125,2801,1311,1128,63,2406,3131,101,2476,3210,373,3017,2971,3021,1553,2150,1482,110,2720,2851,2264,2391,2555,392,2337,2133,1420,1176,1548,769,638,2676,431,2072,1652,1096,1481,2949,2385,1339,2448,2256,2649,1888,1139,1764,1521,833,271,2881,3191,507,1620,261,2090,1416,1365,1909,1243,2525,1036,2796,2749,1667,86,400,198,2926,840,2544,380,965,3095,1815,515,1316,967,2173,908,2539,1877,987,2648,1268,2030,2673,810,3228,1890,1632,947,783,511,2986,2249,1086,582,2103,1169,3225,2232,508,1137,346,127,2837,1597,959,2596,441,2459,1729,1994,500,906,2230,2911,1573,2375,1072,1513,3217,1216,2989,2429,348,2392,1745,733,1556,2271,2799,3056,1988,1328,3114,2507,2886,580,2562,421,1686,1033,1445,835,2567,3130,2322,780,2276,1893,602,1672,2766,2602,1323,2117,2263,1474,537,379,832,822,1531,2281,3267,836,1854,1150,548,1507,3214,956,2511,2412,349,1431,118,2095,2517,3183,3142,784,545,1231,418,732,2683,1284,790,412,2604,1583,3093,1707,3268,2965,91,2896,645,1732,3035,30,338,1240,651,2861,1403,374,2401,81,2940,2576,1814,3175,2352,397,1834,3134,2785,1274,1912,258,540,173,1336,2564,2222,2993,1298,1265,393,1302,300,1065,1380,1693,1060,2188,588,1703,58,1941,2488,2011,722,2528,883,3187,152,2403,1983,1810,162,1187,604,951,188,225,720,2658,1922,3050,3031,1392,932,2434,145,242,1337,1780,2874,954,1971,2572,24,1115,2597,2701,1441,1544,2827,1406,3113,1322,3280,830,1166,1820,2901,2241,2255,1358,2659,1723,1543,3257,2928,2267,1585,2235,2835,430,1116,2004,2689,1640,2228,1648,2913,2546,1892,2223,2899,19,191,2450,1768,3126,493,1778,1660,523,3164,90,1787,1382,1654,866,1728,1134,2302,2418,1538,1362,1902,538,1059,287,1252,3243,1199,447,639,1396,154,2453,6,2047,171,972,745,2706,248,654,1639,1687,2753,2288,160,2265,316,2587,2997,60,2234,2227,3173,1052,1739,1279,1863,13,85,1066,462,2822,2637,2404,2841,1861,2910,1558,584,1037,610,2929,2437,2761,88,2119,629,197,1536,2697,3282,1993,3025,2905,268,1683,1246,1198,1904,725,986,997
AdaBoostClassifier;0.6320316257816257;0.6194949494949495;0.6034639434639434;textual;1300,1423,2906,957,1638,1126,2679,1172,3074,3007,1522,3036,1350,1097,1316,1661,3081,2663,2662,2728,1060,3274,2687,2821,3067,1583,2798,1229,2892,3265,2678,1410,1744,2802,2957,2636,2634,1339,1745,1048,3005,1542,1361,2707,1065,2775,1749,2917,3228,2753,1284,1222,2979,1321,1351,1170,1447,1281,2826,2997,1746,1838,1362,2956,1358,3113,1604,1500,1653,3031,930,3019,1056,2788,994,3086,3080,1216,1658,1503,1629,1409,1243,1139,1225,1140,1119,1254,1439,1841,15,1,3236,2931,2781,46,2923,1742,2809,2800,2640,1750,1773,1780,1777,2977,45,1077,3070,3075,1651,1489,1501,1460,3112,2903,3089,1836,2888,12,3058,2982,3216,1165,1038,3190,1185,953,979,941,2902,3188,3061,3006,1690,3209,1650,2910,1004,1440,1150,1654,9,1562,1330,1610,989,2854,1826,1521,2973,1666,1502,3076,3260,1578,1181,1400,2789,2666,1198,64,1538,2637,3131,3030,983,2942,1125,936,1701,3218,3129,1557,2870,52,1297,1512,1743,2964,11,1431,3273,991,90,1448,1045,935,3009,2711,1611,1160,1776,2927,3098,2878,1166,3172,952,1012,1383,80,2958,1244,964,98,2907,1434,1136,3215,3124,2764,1075,2991,3133,2796,2842,35,2754,1807,1159,1371,1099,2699,95,2813,3109,3160,3257,33,97,1305,1715,1704,2792,1130,1509,2915,60,3262,3135,1317,3267,38,1195,3165,3161,1684,1231,88,1270,1671,3177,1498,3199,39,1824,1591,2920,3078,3085,1027,2744,1529,2994,1301,1483,103,114,1011,977,1631,2810,2622,1219,3008,2828,1168,2672,72,3157,1311,2633,1839,1131,950,1548,1018,1113,3027,1442,2886,1813,1174,1723,79,1752,1407,116,1670,2737,2990,2779,2746,1718,2939,1741,1298,1556,1679,2853,1808,14,1705,1387,1379,975,1309,1518,2750,3001,3244,3196,1070,958,1175,3182,1365,2898,2791,1415,2909,1029,2763,2953,3174,1594,2848,74,3126,2921,1203,2724,3029,1318,3251,1709,25,1787,1722,3127,1668,1659,1022,2824,1259,1021,2701,113,1607,1124,1541,3141,3150,1462,1137,1250,1720,3198,2665,1238,3136,1571,2822,2899,976,1469,2875,185,1193,1799,1493,3207,3047,1135,147,1391,2718,3153,2708,1461,1463,1117,2710,924,1226,3180,1444,1196,1108,1331,1353,1171,1822,3194,1326,3066,1467,2884,2759,2624,939,18,1454,1388,1580,1678,1322,2904,3087,3026,3040,2690,1127,996,1003,3206,2855,1008,1399,1622,69,1823,1783,1428,1037,1033,178,1148,3155,1186,3053,3023,990,948,75,969,1459,1385,62,2911,121,3191,1320,170,3232,1592,2702,166,1386,1600,142,1533,2918,3118,89,2703,1338,124,1758,3077,1657,3226,1798,1804,1649,1593,1191,1685,2778,223,30,1703,1307,215,2895,2723,1586,3233,3223,163,165,963,1384,3222,2874,1271,2785,3235,1614,85,2912,1806,2970,26,2948,1296,3254,1249,57,1568,2758,3193,1349,2673,932,1577,1784,2845,1757,2815,3149,3192,3189,2877,225,227,1235,1515,1794,1613,1763,16,2659,1496,934,3271,196,2817,1481,42,1618,3052,2709,1540,3041,1774,2852,1486,1656,2650,1792,2944,1241,1202,1067,2715,1397,2849,1453,2741,2872,1143,2987,1205,1495,2739,253,1047,3033,167,2833,2890,3121,3186,1052,3144,1183,1376,987,1380,1066,3,1228,1063,1041,1437,2782,1345,1810,3101,3204,287,1260,120,2738,149,1508,1044,999,275,2887,295,2704,3092,3187,118,2951,247,1669,40,2688,1147,1072,1201,3269,1436,1797,3010,1519,101,1816,41,1192,1253,152,995,1691,2760,1561,981,184,1242,2757,1141,1786,2745,3210,1499,92,269,231,1088,192,1642,1665,107,951,2980,1587,2756,3116,1477,1525,1736,2667,933,177,139,1602,3148,3217,1692,3039,923,3151,1465,2941,3057,1528,1312,3095,1304,1764,2706,128,2733,2946,3084,1401,2735,2936,1276,214,1128,960,940,1092,2839,1287,300,145,3213,224,2858,2643,1035,1040,1683,1194,1728,294,68,2865,252,3247,945,1673,3049,1693,229,986,1114,1026,55,3171,2726,1597,2950,1546,1708,3137,53,3093,2727,84,2766,1283,329,2971,2959,1286,1531,354,1375,1334,3004,175,1756,2947,1343,1733,1155,325,1372,1549,2734,99,1210,3022,1835,191,1054,1527,1336,209,2725,283,2761,267,3073,251,2752,358,1645,1237,1585,2731,980,3224,2820,319,1478,172,1032,2649,2664,1057,2843,3145,2961,2801,1002,2816,1030,106,2648,48,340,211,1245,1049,43,972,1039,1129,126,264,1080,3272,1251,244,2683,2840,194,1419,1025,2928,1574,1294,1734,1526,1747,1068,3168,70,1323,63,3214,2627,2846,311,1180,1643,37,1729,1505,1224,313,3119,3044,2924,2700,2829,2694,3048,3120,1377,338,146,1144,3114,349,3038,3032,1494,400,3261,3034,307,3220,1333,1398,316,320,2981,1073,2712,266,3104,2968,2669,303,1516,2639,1382,327,1696,1158,3138,1621,1625,1818,421,2668,127,360,2983,2635,1635,2889,1425,1576,61,2943,927,1404,419,2850,1595,1062,189,65,1197,3242,959,308,1335,437,1831,1507,1308,298,1497,1368,2916,1655,3211,3280,374,1778,31,221,444,417,453,344,2695,1840,1609,1815,355,195,425,331,1211,2692,36,433,203,240,3090,2747,1430,1451,351,428,1418,372,394,310,1405,422,396,3170,271,268,248,2974,1427,2876,1834,159,1149,1697,2929,2629,206,190,1716,186,1700,1520,993,1299,1559,1767,441,1426,1676,1766,1775,467,1667,965,432,2776,1050,1599,2794,1261,304,3028,1218,1847,3202,23,2867,1504,1134,3024,112,955,3156,463,181,2856,2965,1429,1443,448,1232,1006,1273,1133,1441,2857,2880,363,484,1007,1282,241,1337,1490,1145,1480,2871,3154,2847,1042,970,280,44,1648,270,2722,954,326,2806,1727,1620,1184,1213,1263,2787,1275,416,2769,486,1536,1169,1212,3282,1217,207,1717,2740,1248,1761,3130,180,132,1812,2881,2681,3246,2680,13,925,3237,3270,510,348,2799,3088,2790,204,347,1446,1258,3125,284,431,144,1573,507,1545,2657,3173,1421,452,943,197,420,477,1809,2641,492,3082,2938,1234,173,2644,3115,213,153,3176,418,2676,1396,2866,2732,1789,1511,1627,1751,2995,2937,1811,1449,1532,3017,1009,29,2684,551,1341,531,3169,1433,299,1285,2762,1268,1689,346,928,1291,3208,377,549,2862,1682,135,174,3051,1016,91,2883,447,555,1257,1058,1214,491,2772,543,156,3225,423,306,1687,265,104,219,3069,393,3234,1252,380,3184,1310,332,2630,1755,1046,2743,1846,1724,1662,527,260,2935,3278,3055,1152,77,1790,2653,559,3239,3111,568,546,1617,81,489,3045,155,350,258,1698,2863,290,371,2993,2896,3037,4,1832,518,501,1055,1411,28,1406,323,548,297,51,334,217,22,1359,6,1422,3197,289,1112,1095,439,1675,1517,2804,1713,379,3018,1475,2631,2900,1173,362,1652,1255,1647,2932,3264,202,2765,1754,3096,450,3015,488,322,1034,1663,339,328,581,3205,1468,459,956,187,1394,513,3099,2859,2786,291,525,3281,1020,988,2805,1843,1101,1582,17,2838,19,1829,1759,1768,1393,495,541,579,557,961,1552,629,1024,1306,20,578,2934,2830,1089,171,1344,405,3062,567,2818,1619,426,262,608,2713,2721,1567,1762,245,594,523,239,992,1328,445,1360,1819,1695,2972,261,125,3013,384,468,1450,2975,661,1414,234,1488,3147,997,286,595,1589,1014,3258,1314,216,1220,1015,561,1634,2926,1575,222,274,399,572,662,3227,1373,611,1188,1061,1554,483,1630,456,230,2808,526,1566,2860,443,671,2825,1266,2774,570,545,547,573,3268,1644,3059,278,520,1352,259,1456,2908,442,1146,1624,1233,654,3152,105,2696,335,1392,1596,630,1788,226,117,517,385,200,59,610,151,476,1833,687,1163,1514,540,2841,3064,1579,3083,537,623,1565,472,1104,1793,515,657,136,493,1031,1802,3025,2767,628,1269,56,1827,1267,599,83,138,469,272,1417,2647,368,257,143,3103,715,562,249,1603,508,1484,67,658,1302,78,2885,1357,1262,2658,27,315,701,301,720,1569,2749,1737,1053,2832,1408,1389,3256,3245,1672,390,1452,2976,386,3012,3068,966,947,554,711,645,343,1677,532,2755,212,403,2998,352,971,1327,3054,601,626,1646,619,324,3091,1616,161,183,3042,3243,292,3200,1178,503,1420,336,392,1208,2960,375,3212,1118,1236,2814,1162,1179,1315,1740,590,162,616,110,1590,109,413,3158,115,753,1626,617,1013,76,1711,3105,589,1354,762,1735,2773,137,1280,528,642,1023,2625,737,1230,741,2742,580,3275,621,725,2823,1560,1432,1005,1153,480,3240,973,2748,438,391,1116,1200,1156,653,3183,2638,1239,111,637,1845,1103,926,2901,942,2996,5,1176,744,2797,719,1274,2962,164,1264,768,21,1805,2963,341,1640,591,330,673,281,2984,1551,1817,499,465,533,633,122,3011,3128,748,603,2768,2716,2689,929,1731,808,685,1707,706,746,758,96,2770,712,1107,1084,1681,1096,2955,1814,649,1674,522,1081,293,668,1059,2893,647,566,356,724,1466,659,398,2632,387,795,607,1710,3050,1265,2864,86,1204,2851,1278,693,1506,736,279,1699,1694,3123,684,1028,373,3249,140,1558,2873,93,2783,564,612,1102,1608,1325,648,727,1803,742,774,697,756,412,3020,2999,793,504,1374,7,1367,622,1366,1535,805,1083,718,1001,767,544,771,383,823,435,1189,1424,2705,699,677,844,1043,389,1207,710,154,1355,779,606,193,832,1256,1069,361,2989,717,1292,1295,2844,695,1639,3139,228,686,235,2897,825,256,353,1091,1487,692,2925,1825,479,835,505,682,2671,752,475,849,3263,2919,1584,3175,1319,800,440,1598,473,1161,458,1837,782,1738,1363,273,614,2730,871,449,462,2645,772,1623,3072,3277,2,781,3181,2675,3122,3117,3195,406,856,460,638,512,3063,1277,680,3106,1120,660,788,1051,3143,1686,3248,1332,1702,82,3221,1530,218,1719,263,1581,176,407,1110,519,1151,1660,49,3046,1605,158,54,10,883,514,500,530,3230,1347,755,3132,641,655,639,588,813,1085,529,1369,982,73,2719,2933,751,694,902,709,650,3108,410,690,148,133,2985,3140,636,134,415,1342,1123,466,182,846,1628,903,318,188,663,321,3110,1346,2986,863,1862,801,896,1485,3097,868,345,792,2677,0,454,1000,984,1078,851,1340,688,909,921,1076,853,1547,1074,1893,769,1086,887,1215,1464,861,168,1093,1900,689,478,644,534,536,395,2949,210,615,901,1887,776,34,1523,627,1563,873,3071,1164,679,859,962,446,141,740,1879,733,2661,862,625,919,696,2714,1925,632,1082,1897,646,824,878,3035,563,1445,891,817,1612,1416,2670,359,1943,816,370,2882,1920,1290,236,1473,2623,131,1873,1911,1904,1863,333,1891,276,2751,1555,1899,898,1869,296,1908,1246,2654,1964,205,713,899,855,2698,3016,777,1851,538,1959,730,585,967,2967,1968,94,2988,789,1543,1476,1912,750,1098,857,910,496,1991,1932,2005,1884,1918,576,1889,1906,1965,1435,2003,1100,2793,845,1914,1313,620,848,1167,1240,3079,2621,1877,722,1732,1885,860,108,884,481,897,834,506,1860,1438,2780,1916,1984,1966,1138,631,683,2024,985,1513,911,1941,2049,285,831,100,586,1996,2693,842,1876,757,681,1206,2868,1370,471,2642,1939,1895,337,1221,809,886,830,1875,436,119,1890,1606,1955,238,1019,558,1998,1636,743,102,1942,1948,656,2655,560,509,651,1105,2087,1850,1986,2891,890,1982,87,592,918,745,2015,828,1882,1190,342,827,427,1926,2115,367,872,867,2784,157,2969,2001,364,1510,852,705,1177,723,735,1781,1945,1983,1760,669,1852,773,1770,516,906,726,796,1960,2097,2096,702,2057,482,582,894,2141,2010,1874,3159,1524,1748,1800,498,2992,2030,2068,1288,786,565,2064,2646,1973,675,1992,978,2879,2169,1972,553,1999,815,904,1946,243,550,3201,2098,760,556,2894,804,2121,880,2133,3178,1455,721,2682,3259,2167,2069,1680,1714,908,664,1935,1929,869,728,3276,2159,3164,807,2204,2040,2163,596,783,1880,2656,487,2039,708,820,1997,254,839,2835,2197,1958,2189,3166,1537,2717,2220,3102,604,250,1883,1348,799,785,2229,1712,2626,2651,2051,2055,2720,770,288,2090,381,314,2171,2130,3142,1988,790,464,1854,2062,2026,811,2247,881,2144,2084,812,609,414,199,2060,2029,430,2094,24,282,1896,1765,1954,2674,2177,2053,3185,1637,1109,2043,201,2160,1909,242,2281,944,2011,2213,931,434,575,401,1858,1412,1971,877,2246,1931,3163,640,2119,1071,2304,2259,840,1902,2223,1721,2208,2278,2067,3179,879,2270,1390,2135,1122,246,666,892,1922,1633,2041,700,998,854,1861,922,1848,1247,2258,2052,1981,2194,2269,920,583,2339,1079,2811,1730,2913,1969,1977,2736,1857,2027,2233,309,1974,2103,3250,2265,1142,1471,2337,765,739,2038,2837,497,1868,1936,233,2336,2255,2190,455,2317,874,1844,2104,47,764,1994,1209,2138,130,2166,2004,2153,2066,2162,2262,2126,882,2660,810,2050,1795,937,1892,2012,2110,2308,2182,3043,66,2191,1324,402,2047,1855,2136,1853,716,938,2267,714,2914,2331,1956,2215,2100,2028,2248,2086,797,2025,1293,2390,2427,738,2729,2072,2416,1115,2083,277,2387,1688,1474,3094,2978,1706,490,672,2143,2831,2243,2443,2240,2009,457,365,2288,2357,949,1329,1572,912,2954,50,814,2205,2449,2023,305,2334,2122,2442,2452,2224,703,2000,1539,2445,2279,1952,2059,2330,1979,2819,2095,369,1950,1491,3107,2176,968,1930,2354,2458,1381,2134,732,3003,858,602,3241,1791,2106,2124,2042,2370,2112,2256,2206,2154,1492,2488,2070,2313,237,1990,2286,605,2298,3014,255,2359,2196,1913,1753,2147,2054,652,2289,2022,2227,2254,2777,1199,747,2183,2520,2499,2952,2401,2170,2497,2099,1924,2373,2236,2407,2216,2245,2198,2377,1951,3238,2486,474,521,833,2347,3279,2344,1364,2444,698,2283,2145,1828,2349,2019,2836,2132,1570,2396,2131,2253,2510,1154,1864,784,2013,1830,2105,2506,2342,2117,2364,2193,2316,1782,2309,2111,2411,2129,2398,2523,2382,2291,2218,2415,2338,749,870,2402,1479,2686,2485,2420,729,667,2560,2492,2406,1970,2588,2397,378,424,1601,2221,1771,32,584,2274,1182,2120,1482
GradientBoostingClassifier;0.7384054834054834;0.6961616161616162;0.6747594072594072;textual;558,2003,1487,3034,325,2972,2999,2588,1155,2843,294,92,1431,1511,3152,574,794,175,2880,3091,568,615,236,3056,508,1421,1846,2154,3010,1737,151,1599,2053,2306,2427,1502,1082,3215,2022,1330,1791,2463,672,1281,1639,491,1766,2723,2334,2231,1628,1647,1549,1446,3184,348,457,972,2508,22,814,109,182,2676,1966,1199,2613,1963,1711,469,2560,3118,3203,1838,1101,5,2795,1119,1690,1447,418,2776,420,1527,3199,1138,375,2286,1012,1423,232,1046,250,133,1777,1335,2745,996,32,1230,277,1161,3243,1875,1481,1096,856,1754,1064,371,608,1099,2848,2687,2940,414,2204,2571,71,304,685,1304,1968,534,2644,2746,3111,337,3212,1068,2681,1584,3228,1850,1000,2320,3097,41,1436,3128,2670,704,626,1477,328,1344,181,2150,3134,931,9,2719,2039,1483,177,1648,2707,1701,640,3121,952,2469,1496,1306,1843,2667,1221,3225,1851,2347,1047,2983,1126,1095,717,1624,1382,2491,415,895,200,1979,2113,102,3093,2859,2291,1728,1408,1372,37,1550,2730,2103,1726,1581,195,2714,1366,1067,1631,2289,2683,3076,1284,2608,2223,1217,1103,156,1094,2614,1206,2917,1077,2371,3037,2471,1856,1994,2004,2912,2272,1785,799,795,2015,2285,2625,258,1865,975,2812,2203,990,1553,2036,358,429,130,1529,1186,172,2374,2379,841,1385,671,2948,2390,1249,69,219,111,1170,2274,2553,1403,2528,1044,771,1688,424,813,1193,3114,1710,2908,879,13,1965,867,192,262,1615,1926,1531,2489,1857,477,1605,354,2546,2693,2884,676,2394,2132,635,2364,642,1450,1465,2818,2522,2922,436,2875,3190,1112,2684,90,2829,1535,3167,957,345,536,2525,221,1951,2410,837,921,1128,97,1123,708,1769,2119,1223,1233,1248,2093,933,911,1182,456,1368,1470,218,1734,2500,1944,1743,1578,1087,801,3046,2949,2891,1673,3006,387,2962,3271,1629,3186,2561,3255,1923,1882,2156,782,518,104,2075,1888,3103,8,2731,2969,1334,1426,1912,2987,1657,2778,108,3251,2057,3122,68,3265,233,2673,1267,2575,1718,2174,611,3274,3044,2565,912,1602,2900,2403,2344,855,222,920,2228,512,1889,2789,247,2583,2397,839,2184,1213,2060,522,1818,1817,2595,1977,1886,729,2793,3123,410,570,2503,1698,2833,1917,1321,1092,808,1324,1468,2127,1302,2656,3242,1724,1333,505,540,202,100,2764,2512,1034,2086,3202,1308,1999,2281,892,2010,16,1443,1812,339,1742,1961,106,1568,793,229,994,2269,1671,1525,521,1419,1384,745,3089,2287,3035,830,3181,2763,730,3162,495,1670,434,217,3096,2014,3113,19,2703,3001,2124,118,1862,967,1687,2454,1176,2650,1172,1296,496,433,2587,2493,866,1004,2735,1627,2186,2653,846,1594,488,2183,695,2323,2629,1363,11,59,475,2811,761,451,88,1011,3130,1022,1118,209,391,2601,396,2031,833,56,1585,142,1257,498,2339,128,878,561,75,2617,1810,1028,3013,2899,1154,845,986,1235,2502,1876,3207,2388,2138,525,1156,1858,1464,1746,39,2563,2635,1844,526,631,597,1261,2769,1214,292,362,3117,2511,2316,1997,1873,2122,2071,1289,1295,1519,668,1941,2360,897,3236,1163,206,3022,2009,1066,1146,2939,1019,1561,1987,1948,884,2777,3017,2752,1842,2121,335,2965,1351,3204,2907,880,386,871,1885,2258,1972,3029,1222,1509,20,2078,3000,2879,1033,1255,1548,714,2139,1341,383,1601,564,275,1730,2537,1505,1877,2802,681,831,1492,987,691,3070,1120,40,2771,2615,2061,3038,472,85,2699,93,666,1131,1032,65,2813,718,1088,2257,2893,858,2887,3057,290,703,1562,1621,752,306,29,117,1832,1237,725,271,2516,3227,2696,295,24,851,2754,1175,1151,1343,1394,1780,53,2545,3004,1125,563,620,2079,3132,2994,3027,1078,1405,1364,321,1696,711,363,587,2200,3145,1533,1388,3109,288,1713,144,84,1085,906,1352,546,77,1115,1062,3090,1397,2488,1655,731,2978,82,1325,1273,87,840,2959,1191,2619,2556,2070,3172,1320,2348,1935,3049,2131,965,1188,716,70,1749,1497,1211,2378,385,1007,1001,2,2088,2929,1367,1959,1294,2586,1362,126,1930,1417,2012,2708,146,557,1768,1753,2157,1694,1660,2955,2975,2372,894,1256,466,1558,554,2732,887,1418,2052,2704,803,2222,430,951,1399,1060,2942,49,3042,2343,790,216,402,2864,2492,132,1424,2406,1708,824,1091,737,1640,2244,143,1775,1251,2934,1027,3126,1041,360,227,2199,734,1884,2398,595,1729,1658,2554,1145,2300,1945,2638,1139,1311,638,3272,885,542,2065,2542,1571,3164,1467,2974,2991,1201,2582,3171,372,2515,1587,2914,610,1174,1491,1623,607,2240,196,1374,1227,2439,1837,2016,3230,1187,992,1158,756,2504,2387,548,805,3045,2799,2329,2442,537,2245,2866,1451,1801,2836,1196,2424,633,155,2857,261,653,1208,330,663,168,2058,2235,1590,796,1706,1790,2017,1327,2678,1136,464,1514,1471,1026,2722,1229,2288,119,1956,701,2610,1537,2434,889,2467,1181,2064,2562,1061,698,1317,2279,1536,728,428,2426,3081,3032,1430,2621,2412,2694,2151,1922,2102,1254,487,2543,2401,131,1122,3112,2325,613,2444,3129,1653,2117,555,3080,3155,2894,2069,1,585,1809,3192,1704,2827,2906,1428,1598,3106,1506,739,361,874,3188,3082,1614,1065,2159,2445,2616,572,298,2353,3079,2697,1245,276,481,2418,959,52,2262,2351,2555,2051,3205,1792,458,2726,1262,3108,2692,2097,2310,289,989,2227,940,1076,2928,1921,1178,683,995,2655,2143,1755,1389,2873,2133,1661,1906,787,2090,2576,450,694,1650,938,2377,1998,353,517,2267,2062,2241,2375,1104,1700,713,1107,2479,2570,2168,2855,484,1542,2337,445,211,997,2750,1084,817,137,584,2846,359,788,2027,2711,1252,473,688,3078,2946,3050,3048,1275,3219,2408,3173,627,2782,791,800,1649,1892,2720,1744,869,893,2779,3180,1693,1976,2082,259,1770,2599,3158,2044,1493,2611,2579,2960,930,483,1747,1316,2035,1313,3194,326,315,1339,569,2985,2196,2628,776,1534,3268,2637,1195,751,2461,3263,2049,2968,2464,1147,2234,2328,347,1847,2321,533,2979,389,1127,2860,1288,2824,127,1840,625,1622,3104,1762,3110,2664,279,1686,3142,1449,1863,1462,1013,2314,2744,421,2842,188,305,1292,2526,453,680,1689,2660,249,664,1202,1006,1003,2890,2549,1499,1135,1395,2642,1750,2618,2025,2296,883,784,1634,462,1942,2305,3157,1192,1607,2437,1452,826,3040,1719,1697,1831,2923,2302,2672,341,3182,2897,1591,2179,36,925,1612,2852,1764,248,364,2597,538,2863,1220,3088,170,1636,73,2327,43,1722,2725,3169,870,3140,1090,2167,2666,712,3085,765,2607,1149,2224,1565,1445,513,1246,3063,706,1070,928,1390,749,1023,1883,976,55,2775,2317,2932,764,2580,2232,2558,1404,2569,647,650,2383,917,2046,234,479,2487,1870,1440,2816,2083,993,2207,1469,2600,2984,648,778,3246,357,180,639,15,1243,1234,3179,2472,1677,1569,2916,2808,1113,2421,770,825,2271,2603,2233,2261,3009,1231,1682,2904,2527,285,2034,2930,1379,2986,2129,2868,1510,3220,818,1517,3252,753,2263,1720,1179,2796,1895,3033,2054,3221,1290,2369,2354,649,1459,945,3232,842,369,1681,3025,1391,1606,1410,293,2123,900,2037,652,2331,2767,2115,2405,2639,514,1279,2077,1168,2477,1355,1297,1984,1604,1071,699,1774,2832,1111,2172,606,2359,723,2110,1574,2809,377,2712,1340,2902,2419,907,820,1866,1611,929,1283,384,539,2938,1953,3102,253,2001,1583,2304,1967,3119,2919,974,2547,280,2953,1266,520,2862,3170,2237,936,2392,274,3015,2609,2432,3086,2315,2877,2858,3208,3238,637,677,1757,2967,1114,1597,2966,441,1725,1874,1715,697,3047,1860,224,2774,535,2416,2282,2736,327,1925,2048,2805,1644,1973,579,2252,25,2474,2506,1662,30,2266,1300,1853,583,2420,1936,1759,2631,2202,419,2941,2047,1303,3060,2295,3189,720,3237,2292,2101,2679,270,589,1907,2297,3095,1520,1736,1008,2675,862,890,2715,2509,3084,1763,705,2591,3209,1132,1282,1580,2293,1075,1194,509,2773,923,3239,2197,605,388,1455,2495,2104,3135,2590,3055,942,3043,2147,2993,2643,2646,1260,566,1025,2780,1699,1240,744,352,2709,600,977,809,1429,2961,382,2567,1140,67,152,2651,2438,134,1177,991,750,2190,754,1931,1512,1582,427,165,370,674,2352,3264,1900,2431,2107,2076,619,1845,207,1954,693,2059,1150,316,1990,949,656,449,2958,3278,2165,2921,1541,2519,2659,2598,442,406,186,1350,10,1063,1783,185,256,3218,2690,2221,166,286,891,624,368,2534,3193,590,857,1805,3120,1849,2098,580,1073,2970,2585,2593,2794,2792,2886,2878,2654,1573,1890,1596,1983,1042,519,1216,1484,2620,2449,3270,1563,1723,1532,223,3148,806,1938,2108,2056,2791,27,2099,2045,3191,2218,872,1803,367,2903,950,1988,95,2710,3183,3115,1823,2538,2277,2806,2256,898,476,2246,381,2096,3161,3136,2402,158,3241,47,2023,1996,1097,324,2033,1478,343,392,1758,1833,199,2727,1880,2530,836,2531,2589,2804,1943,376,2490,881,811,2268,3071,1241,629,1210,3054,1276,423,1457,1836,2835,2373,1167,545,1141,176,2382,1360,3259,1663,682,2581,2475,1804,510,2785,2691,1796,2739,2333,1861,1422,727,169,1664,2685,113,1960,2645,2073,1346,604,904,2118,1407,2706,736,2193,1498,1555,129,2146,269,1224,1824,1503,644,1748,1244,1309,244,2937,291,1024,1955,3240,1982,3052,332,762,3214,503,2140,2781,2330,2524,2400,1666,733,243,1207,2505,956,2705,2308,318,1052,1401,2042,1739,2448,1904,380,379,2927,1051,397,853,323,934,596,1357,0,242,2309,822,1425,310,21,614,516,1412,591,1370,426,1545,3075,2026,1835,235,2640,748,1798,1209,3053,1868,439,1133,2008
GaussianNB;0.6922655122655123;0.6743434343434344;0.6673590298590298;textual;387,1002,1974,3252,1697,945,2011,2722,663,2748,2846,3008,2916,1432,570,334,2782,1265,3233,1818,1084,799,392,1728,1918,2594,1052,1916,2012,550,2413,2888,1682,977,499,3176,2098,1497,2244,2284,2875,1297,477,655,407,2315,1849,1186,2519,405,2661,717,989,317,1737,2937,3015,2791,3060,820,2597,1908,3194,1484,2945,2973,425,624,2951,1988,2609,3,3267,531,2429,2505,889,2598,1356,1077,2202,534,487,2139,1158,1619,1696,1438,2105,1025,2344,4,1409,414,1912,465,449,2730,975,323,535,3250,1600,1857,1453,2491,1755,571,1237,2995,2515,364,1178,1487,1015,1669,2788,2743,1066,1471,497,2256,2339,2084,3102,1568,2817,2363,2496,1702,2586,2357,1902,938,1820,343,1816,1744,1657,3101,2052,740,1425,1384,857,1403,720,1940,2534,2761,2089,2384,2632,1689,537,21,1881,815,2905,398,1120,1288,2477,2837,2167,771,2399,870,2548,577,519,660,1205,1311,1276,3029,2120,2835,1183,1360,3141,2153,14,1580,2526,1783,2936,622,1468,1597,3248,2550,1915,1380,1102,2321,1544,1113,1514,74,2313,2718,517,1139,70,2893,2217,1775,2602,1552,1132,384,1549,1583,3199,1770,958,947,1778,3278,2826,418,424,723,3026,879,1773,1509,2323,2924,3125,1314,1784,2495,484,3133,2591,2123,3128,2415,1675,2325,630,1004,1859,567,97,3155,430,1845,2665,2369,1122,3080,1483,1203,1776,863,530,2488,2840,2803,2162,1941,1648,665,1214,2520,2587,1813,2874,389,1289,2859,2083,777,1861,657,2151,1134,1336,1872,2798,1177,991,315,2801,2024,666,1039,2418,990,1553,2660,1373,2103,363,2213,2744,1185,1164,1389,1482,2530,1372,3090,1713,1141,568,79,671,2101,3035,1407,678,2347,2144,2224,2073,2069,503,1572,374,1613,1721,682,1977,359,1469,337,1413,983,612,3215,955,2212,1547,312,2546,2016,1500,1398,135,745,117,1815,2561,2679,953,540,475,2655,962,932,327,853,3188,2476,2967,2940,2710,3098,1111,1464,3086,1240,2528,808,2068,645,3167,2442,1757,1212,2646,2013,1037,397,2078,2589,3063,474,1893,2086,2039,2226,1257,32,1359,1838,2539,2248,1663,2221,1803,1761,2691,2428,2420,115,3115,2230,2292,2881,2536,3218,1388,2889,2513,1239,3255,3148,1822,2043,3244,1441,1302,2958,476,2865,1625,554,993,1012,2314,2071,68,2046,1454,632,2271,1791,2331,1793,1671,1248,1967,2469,2263,2409,1128,458,1672,1708,2080,2041,1542,1170,2137,974,2027,2264,1929,318,178,640,2251,100,998,2267,3185,1071,1250,1362,2342,1511,217,2304,27,2503,972,175,1948,914,3254,2531,2088,2890,2834,2883,774,45,2501,2537,241,893,831,1293,1596,1584,1209,2648,446,1946,2998,3166,2268,453,981,1617,3096,2630,608,1980,1364,87,1498,846,2279,2411,2574,783,2862,973,1690,2200,598,2549,131,721,2361,2547,1146,2953,378,2131,2225,1827,2128,1745,413,711,2978,2282,2327,177,328,703,1692,603,890,224,3260,3081,429,2181,1592,821,999,2507,2398,525,3000,1802,169,1168,2891,1150,120,172,2610,1764,606,996,880,2808,2658,195,1231,1777,2910,161,231,2463,473,180,1477,404,1442,1894,58,789,1300,1325,273,2000,2358,1563,2281,375,1978,1210,2165,2706,338,1007,2673,824,814,2104,2329,3269,2623,2615,637,1495,668,613,2026,393,2688,350,908,749,2695,700,251,2140,1118,714,3207,64,1254,442,61
KNeighborsClassifier;0.6883694083694084;0.6830303030303031;0.6749975949975948;visual;906,574,221,1457,177,299,777,316,1546,1383,730,1300,1367,1000,983,527,191,1647,889,127,650,1607,428,970,1200,1390,376,452,1631,186,926,749,829,752,1161,1330,1072,841,579,1601,310,1323,1040,1540,762,640,987,961,247,1151,669,252,860,1358,868,533,43,540,1475,942,1160,1340,1095,626,1219,1371,523,529,1048,1565,935,973,525,31,1402,206,1127,753,1173,358,1225,478,1638,1648,741,1163,353,542,432,1183,1649,1401,1505,759,1232,430,798,649,1552,937,334,408,1338,1209,778,1230,598,544,1443,848,1354,1133,1387,600,1085,872,1208,496,169,436,320,1357,62,1042,146,558,1204,1238,851,716,227,143,469,1242,923,1632,1400,494,1034,1117,322,446,181,615,335,1010,861,1396,388,513,607,42,1350,152,1243,1644,1640,362,136,1289,856,1226,1144,234,61,698,1169
DecisionTreeClassifier;0.6905224867724867;0.6659595959595959;0.6522960372960374;visual;1442,434,858,673,1387,20,1026,1367,692,420,1552,1292,926,1020,759,1645,356,206,245,1250,1152,1434,1489,961,1512,229,725,410,340,1590,3,411,1386,121,1362,1288,232,769,415,1507,1399,1143,314,281,1277,644,1327,1511,768,670,315,1641,871,7,457,243,1275,1603,883,546,974,381,1052,1260,884,1284,15,1023,105,253,911,151,72,396,566,325,1568,881,376,1209,723,753,1480,103,696,791,1096,1361,589,854,745,1266,1598,1286,1088,864,676,1220,992,869,1356,423,586,117,1045,1197,1345,42,428,43,1395,1110,1160,413,1246,1095,839,949,1628,277,1030,486,875,1084,1312,1107,1625,1310,1134,1487,665,1539,540,1182,1222,109,814,528,817,1627,1525,393,1510,1150,985,526,1195,454,1460,879,575,929,844,39,247,1299,461,656,1382,1042,242,480,430,263,1646,729,862,1450,175,233,217,1488,535,1178,775,954,641,137,933,1036,1546,849,813,62,198,748,604,638,24,1499,167,316,760,545,1414,329,1204,1059,347,1262,1013,761,860,1162,362,387,1086,106,1368,438,1001,1649,200
LogisticRegression;0.6539225589225588;0.6428282828282829;0.6351875901875903;visual;740,1446,1575,572,1069,649,1647,1265,819,1471,873,1453,576,1170,1503,1344,1464,1290,1076,531,918,990,1630,1051,1363,1089,1441,1451,1243,940,1523,1311,1014,722,993,899,623,1619,893,1437,1498,1250,1512,1318,1429,1404,1494,1356,650,1039,1018,957,1450,21,1337,1569,1551,1218,1172,1097,1176,744,888,1161,647,1163,1484,1514,926,704,643,651,1632,1340,528,901,1022,1465,877,1358,763,1604,1135,1439,971,1636,748,1130,1515,840,829,1164,1296,1585,1634,906,32,1293,545,1574,652,607,1001,1079,1411,978,616,1594,543,836,904,566,1483,624,817,712,1241,1477,936,1357,1057,1518,1030,626,1333,1418,1222,1428,1196,717,553,1455,536,561,1507,1140,577,676,981,1442,38,579,997,1506,1223,882,1616,963,697,1521,1267,1607,596,975,848,578,1332,1028,662,581,1434,1036,1454,612,1162,1197,1629,1107,1136,595,1335,1167,684,1137,1559,1236,1070,985,1352,1029,1650,910,1589,884,1314,23,1055,1402,821,1199,1256,1563,27,1215,698,574,807,1202,1481,571,1168,1491,604,1108,932,1525,809,700,1539,674,68,1419,781,982,1552,1103,1085,810,1207,657,681,26,823,908,853,1225,585,695,995,90,539,1041,1304,1183,640,1300,1399,710,608,96,1144,758,120,1279,1643,1351,844,45,83,13,1046,565,760,1200,98,76,1457,1114,516,942,58,613,668,815,672,1613,1426,105,825,1394,1201,742,7,1013,560,860,1571,62,10,755,913,656,845,1141,1375,1392,126,1116,987,1586,559,532,1138,1045,1249,1017,726,732,1023,1591,51,71,680,1156,659,48,1181,52,705,820,1624,1058,1099,584,1448,1165,728,609,91,1400,696,1286,1395,1370,1186,540,792,1179,1600,18,1009,661,30,660,1509,849,1516,714,1024,1080,1184,822,889,1382,1608,1524,929,592,692,1403,1640,1605,1188,1205,1644,1329,767,142,1002,930,925,1064,157,1261,8,1475,1449,790,735,1153,1021,774,1211,1359,664,80,951,1611,833,897,600,47,133,1190,598,959,1342,611,1584,1305,1287,1478,1042,1323,886,1134,850,1255,954,1220,989,854,44,109,580,538,733,1327,991,1026,174,669,1485,934,159,41,796,610,148,1550,900,1580,1003,702,1383,745,713,919,137,589,747,783,114,1528,711,597,994,1033,965,678,82,1560,1159,537,1173,1284,1092,1270,938,931,1350,1618,1410,70,911,851,1472,85,50,1407,1360,1651,111,88,863,1628,43,1417,601,1398,944,75,16,1034,552,2,1067,667,1187,155,1645,39,1194,1427,1546,1307,1016,828,858,638,1145,1343,869,237,1253,1420,17,54,1368,210,806,248,1438,1545,1502,1048,694,249,1328,743,1268,996,1473,217,1088,1633,894,583,764,243,28,1341,1098,642,529,1232,1590,1565,949,1504,1460,185,1142,1203,1306,239,56,675,1217,1588,65,701,260,948,769,1084,1277,567,140,855,1396,782,673,776,1299,1272,557,1566,218,1627,46,1007,1415,197,1066,1463,992,208,1409,1379,1282,872,1229,1500,1469,1511,73,1128,898,1020,632,1102,1606,1193,1447,1349,730,1452,190,1040,1425,723,1025,777,117,106,37,1169,980,1533,286,156,969,1567,1480,1096,617,1195,633,1577,124,1251,891,1037,827,1151,802,621,108,147,1074,1206,240,843,234,716,1295,1111,1185,180,808,691,1391,9,780,558,885,1443,1489,1626,169,573,1095,1298,1430,961,524,144,1334,296,1077,104,1529,1032,562,554,793,766,1239,1292,1641,805,587,1224,53,952,143,84,658,200,526,533,274,1470,1148,864,224,1006,1372,603,1106,1424,1513,1303,1146,1000,1301,685,757,1275,1118,1233,629,1054,57,1408,221,338,862,878,55,1369,800,171,1637,1065,1540,1266,1123,1152,324,67,145,87,791,1112,153,1178,569,206,964,1171,1562,847,226,967,1121,262,922,346,1012,871,1010,1124,762,630,204,1263,1247,285,956,1071,1157,1527,772,779,912,1210,1384,1648,547,138,245,1617,1235,857,165,333,555,1610,231,361,839,1011,228,665,1143,1147,377,116,739,641,1113,112,1166,1238,896,771,803,876,152,1031,1320,340,259,1264,276,939,962,798,1597,318,316,1474,594,682,1401,279,970,976,289,690,131,327,101,923,1493,94,1612,1378,178,86,979,187,795,645,1310,1091,972,130,1094,811,1174,1338,1389,201,186,326,1319,1537,814,646,1126,1366,703,392,382,1615,914,168,4,1294,64,1354,804,1362,79,271,354,59,311,281,761,715,49,731,1317,1227,842,110,648,729,950,1570,1397,202,352,294,238,835,1582,189,1421,399,89,25,614,349,297,319,1127,1315,1517,291,429,1510,314,336,233,1244,181,95,335,154,706,1104,602,749,1082,1581,556,1578,671,1131,1639,391,575,141,323,838,977,261,689,184,786,591,832,644,605,1541,1308,158,416,1592,622,1240,139,170,436,880,60,31,413,246,375,1324,437,115,1063,209,883,551,812,384,341,1348,309,890,801,128,688,135,546,1192,1336,242,1431,1242,241,1549,859,754,1346,1625,343,1100,1330,1568,269,928,1155,378,907,759,1603,1542,435,593,1125,966,364,227,386,1281,473,310,1486,258,544,1623,113,367,441,212,225,1444,974,915,618,472,69,1316,943,1237,1219,351,471,282,1110,149,1150,1214,1182,366,427,66,636,196,1119,830,1322,362,707,40,438,1133,984,347,477,1614,1288,1078,606,492,719,1620,396,344,1325,419,317,1393,287,746,512,1376,1248
BaggingClassifier;0.701583694083694;0.6841414141414142;0.6795093795093796;visual;336,870,421,108,656,329,681,376,1271,444,514,414,1,451,1445,883,1148,558,601,939,612,1394,1458,719,787,1466,104,1487,152,976,79,295,1021,298,577,1248,229,57,283,203,100,982,227,1610,93,1188,1514,281,466,338,581,1460,317,1011,33,1251,1263,1389,750,668,677,300,1444,1178,991,1375,954,1288,1554,560,642,193,313,437,847,942,505,874,147,348,1634,1557,383,1405,741,918,757,48,1177,1561,999,890,872,1000,1581,1116,805,462,948,1548,8,478,783,19,1037,866,559,1425,363,87,128,1574,197,1018,441,1130,297,507,1087,1112,961,751,1401,374,52,624,1243,798,972,983,9,892,625,308,1077,1485,1270,667,205,599,365,1455,15,1208,727,789,353,1543,2,1409,76,68,1230,82,1202,487,71,371,1198,673,1583,799,1033,64,1505,515,1283,455,1482,1407,401,722,1014,670,356,616,1269,997,175,868,714,992,1045,400,1095,1430,241,1453,857,1385,574,710,1440,1582,1104,1492,1484,533,981,257,117,1183,493,844,1478,1415,1241,434,486,1536,546,1162,1539,795,1475,889,472,1079,349,626,523,666,1624,496,1434,1204,582,1493,490,222,406,55,409,1235,1577,471,1477,885,1623,468,540,759,1387,475,26,952,893,66,29,1400,1651,17,542,1612,1055,31,1490,1576,131,1628,853,14,996,1413,251,1128,925,296,1220,182,962,1390,1558,385,738,53,618,606,1522,608,267,75,1101,1026,1537,1426,569,456,1234,1142,1300,58,1155,168,1303,718,1003,1611,1031,1298,742,548,1052,1432,684,595,10,253,1570,914,591,1569,700,1233,1508,1053,1062,1296,570,1642,309,378,59,1531,323,301,1203,416,1629,1648,236,1013,22,977,1085,264,461,959,84,1525,419,484,1253,1213,63,609,1225,96,619,1249,1172,370,1489,390,1173,735,249,511,41,501,935,895,1257,1527,1393,1050,1451,848,1591,980,1214,173,1083,553,271,960,654,248,339,943,958,303,1503,725,13,1187,154,796,909,373,1448,1159,1506,1547,324,448,797,1396,804,923,588,161,635,888,244,552,676,813,60,1040,1157,423,346,712,1073,964,1572,1468,294,1107,1097,1410,1028,723,1552,1452,1592,955,1255,906,851,1615,1098,1568,1228,828,680,105,733,1215,127,777,690,166,1377,662,1643,1143,1622,1395,1105,1378,1158,779,910,464,573,968,1556,578,963,824,184,428,233,333,73,922,1464,435,97,1224,255,25,1069,912,587,989,133,1102,760,408,875,211,876,70,341,590,682,1129,1472,571,568,544,1274,678,605,504,1008,449,1494,527,1056,1121,1483,1174,1136,231,358,494,360,1216,225,696,926,395,597,747,1456,238,990,1035,212,953,1416,5,1060,334,1181,1540,827,178,998,580,692,142,614,934,1424,481,585,307,879,1630,318,1414,1442,149,852,247,1109,537,1197,807,288,1131,562,1065,272,786,611,945,1486,155,156,1431,1299,420,1286,882,946,685,405,596,1076,6,277,897,380,399,445,180,637,54,427,80,477,763,967,534,865,703,320,1211,629,532,335,1391,452,1457,707,1266,814,1381,513,206,1626,1534,123,1603,1036,246,845,551,1402,572,517,526,724,322,1115,1541,273,1479,24,638,966,713,118,1190,411,252,72,174,1584,285,275,1168,1404,679,1604,530,927,643,858,1114,397,202,1621,121,873,1529,658,1292,1297,1488,938,1418,756,1020,394,1519,407,815,1025,1096,1127,1067,1273,1009,903,1120,1017,800,715,69,767,1616,521,86,1080,694,119,412,509,137,1597,291,557,1437,743,1646,770,603,862,794,1441,1264,350,1392,136,1261,289,316,214,293,823,1219,1535,368,940,1150,1081,426,949,190,67,1153,561,319,1504,840,492,221,1195,891,808,660,1282,731,971,56,280,290,901,806,825,454,765,470,761,644,1193,171,144,928,1544,167,163,32,260,232,510,274,497,278,1374,861,839,1240,701,1546,1186,198,1606,1573,284,1499,1246,675,1538,139,113,165,758,1495,881,37,268,491,1476,124,188,208,1608,1191,1380,1048,321,279,555,740,489,1463,632,102,524,1064,506,1599,1006,1449,179,1276,1103,641,1099,392,479,357,191,1553,46,287,1024,261,1293,801,112,1435,594,1450,200,1474,657,201,1125,1075,1108,531,708,1443,305,49,228,369,1118,969,215,1254,721,1285,739,396,404,115,1291,460,538,1632,266,488,867,1384,717,1465,42,1398,793,736,413,575,1022,1607,931,1600,536,627,217,705,1550,480,665,1192,256,698,1565,432,1267,224,1041,62,311,1516,1111,239,898,361,1500,613,431,755,525,1470,1423,4,820,653,1639,342,1601,512,1566,1438,440,243,1428,1029,951,47,924,528,1046,1043,803,769,1139,1290,495,683,110,204,671,459,1617,16,1386,838,1287,957,887,328,766,140,1015,1071,1004,669,1564,817,1063,550,240,135,125,1459,20,1473,1093,443,1627,695,788,1012,292,775,30,1595,593,1641,81,834,88,1376,372,1555,1149,781,245,686,1237,106,1567,589,1429,164,143,1252,566,418,549,628,1001,920,1613,44,192,1054,604,1082,467,1100,529,3,919,1027,101,630,40,689,615,691,103,782,780,1593,220,132,148,1580,634,337,90,442,576,646,259,177,1222,543,941,61,503,732,1304,749,908,351,1295,598,500,709,276,1421,379,1088,1511,1602,1533,438,474,1411,424,974,659,325,485,483,1231,186,1524,45,352,78,1526,1206,1403,639,810,916,1532,822,830,1086,1620,944,34,254,1268,1560,913,1182,1147,520,623,833,592,1042,91,636,145,649,237,1578,655,746,1517,975,1199,1383,1408,785,1023,1382,38,706,937,1179,65,1422,856,367,835,85,621,988,151,1275,92,282,1260,519,1481,138,1038,565,899,77,50,1154,359,194,172,98,539,1436,95,1194,1427,776,429,933,398,386,403,1589,99,905,1256,1106,855,83,340,1238,1259,1039,1614,355,343,382,904,1518,314,1166,299,730,1647,970,1200,1631,829,752,1072,841,579,762,987,860,43,973,753,1638,1163,1649,430,778,600,169,146,716,469,1117,446,181,1010,607,1644,1640,362,1289,1144,306,886,1284,230,262,663,107,1521,1070,1551,195,1559,453,633,417,330,1545,1594,846,900,1373,364,458,699,18,1509,1590,704,1089,391,141,1184,415,457,1132,1164,745,1090,130,687,1515,27,170,1417,269,23,821,1636,652,1542,219,1221,242,199,388,1123,1462,711,347,651,802,774,1609,586,907,1605,74,929,389,1110,859,387,1633,836,1152,773,207,792,473,11,956,1305,771,697,728,1119,584,109,1051,1579,1057,1212,1176,1005,979,729,850,1471,930,216,189,1201,1528,809,1113,896,1501,1507,1454,499,315,648,1571,344,754,1306,1140,1433,843,674,1585,332,35,1513,1175,450,986,1420,234,985,1318,422,410,1141,1618,465,1447,326,744,157,384,327,1498,541,664,947,894,965,1313,1575,111,498,854,12,1598,1262,158,1239,258,1319,1530,1156,1333,402,1146,1061,1467,826,1309,7,134,1637,1496,265,583,1314,209,1329,21,1245,1399,617,1316,1370,1171,1349,1388,737,1587,871,1016,1562,1337,768,602,645,210,622,1512,1362,1419,1122,702,1068,482,114,1091,196,831,1350,812,631,772,1372,863,1341,869,1151,129,1510,1049,620,1645,381,564,1207,1650,516,1351,160,436,447,1167,89,790,1223,1363,1308,884,235,226,345,1196,1209,661,936,223,1563,720,1169,1278,1032,911,1412,1335,1469,1180
RandomForestClassifier;0.5391810966810967;0.5305050505050505;0.5212135087135087;visual;
GaussianNB;0.6547787397787397;0.63989898989899;0.6284126984126984;visual;1441,422,666,160,579,187,1620,1159,368,552,393,1119,620,326,1484,1387,657,118,1202,581,1623,567,909,700,1383,910,805,1205,653,1315,406,943,1180,742,1084,860,743,1102,691,1005,384,131,1461,600,945,1413,170,1187,1087,350,178,125,655,772,374,821,1393,1650,425,588,1075,679,1097,229,472,553,977,371,1608,194,1359,222,1142,1241,26,452,1330,1554,1143,1194,816,1438,1350,634,980,916,1631,692,407,379,966,1266,955,563,258,1557,616,1624,1162,174,1593,939,876,1182,917,405,1468,1618,277,560,1422,1057,467,1404,564,1055,929,1531,1224,1540,1513,722,334,1278,1371,866,417,614,508,733,793,1617,251,918,559,386,542,1299,540,1174,792,505,456,998,1577,1435,986,415,877,849,535,1328,1450,12,1260,1390,1196,1035,171,202,1109,495,1342,105,1500,1611,769,1012,833,95,1628,1286,419,54,1418,925,132,1549,601,775,1365,268,130,707,377,804,437,1062,1535,584,165,193,1338,1344,1412,747,958,1471,1341,566,887,296,1588,675,180,1401,1605,1046,1594,869,1245,902,1455,669,788,1226,803,239,1440,1553,1277,991,51,531,1223,435,822,1636,1231,1208,253,83,976,961,1093,41,1348,113,1030,1489,1193,789,683,678,857,1397,1169,1089,1646,294,667,1242,401,682,763,706,322,323,1138,330,161,1499,972,465,1505,318,709,898,1493,1384,72,1293,208,1574,87,1442,17,1546,764,1011,1582,420,395,1038,1360,1356,1508,1630,82,754,367,778,1264,919,376,254,785,1034,645,831,190,60,594,761,1325,715,1437,820,460,1096,484,169,868,476,1479,252,1595,1280,394,573,1406,590,1190,481,1584,470,340,931
LogisticRegression;0.603013468013468;0.6034343434343434;0.5936728086728087;audio;9,5
